-- phpMyAdmin SQL Dump
-- version 5.2.1
-- https://www.phpmyadmin.net/
--
-- Host: 127.0.0.1
-- Generation Time: Aug 11, 2025 at 11:41 AM
-- Server version: 10.4.32-MariaDB
-- PHP Version: 8.0.30

SET SQL_MODE = "NO_AUTO_VALUE_ON_ZERO";
START TRANSACTION;
SET time_zone = "+00:00";


/*!40101 SET @OLD_CHARACTER_SET_CLIENT=@@CHARACTER_SET_CLIENT */;
/*!40101 SET @OLD_CHARACTER_SET_RESULTS=@@CHARACTER_SET_RESULTS */;
/*!40101 SET @OLD_COLLATION_CONNECTION=@@COLLATION_CONNECTION */;
/*!40101 SET NAMES utf8mb4 */;

--
-- Database: `v1_infinite_track`
--

-- --------------------------------------------------------

--
-- Table structure for table `attendance`
--

CREATE TABLE `attendance` (
  `id_attendance` int(11) NOT NULL,
  `user_id` int(11) NOT NULL,
  `category_id` int(11) NOT NULL,
  `status_id` int(11) NOT NULL,
  `location_id` int(11) DEFAULT NULL,
  `booking_id` int(11) DEFAULT NULL,
  `time_in` datetime NOT NULL,
  `time_out` datetime DEFAULT NULL,
  `work_hour` float(5,2) NOT NULL,
  `attendance_date` date NOT NULL,
  `notes` text NOT NULL,
  `created_at` datetime NOT NULL,
  `updated_at` datetime NOT NULL
) ENGINE=InnoDB DEFAULT CHARSET=utf8mb4 COLLATE=utf8mb4_general_ci;

--
-- Dumping data for table `attendance`
--

INSERT INTO `attendance` (`id_attendance`, `user_id`, `category_id`, `status_id`, `location_id`, `booking_id`, `time_in`, `time_out`, `work_hour`, `attendance_date`, `notes`, `created_at`, `updated_at`) VALUES
(154, 3, 1, 1, NULL, NULL, '2025-07-01 08:03:00', '2025-07-01 16:38:00', 8.58, '2025-07-01', 'Manual attendance', '2025-08-10 14:15:57', '2025-08-10 14:15:57'),
(155, 3, 1, 2, NULL, NULL, '2025-07-02 08:50:00', '2025-07-02 16:56:00', 8.10, '2025-07-02', 'Manual attendance', '2025-08-10 14:15:57', '2025-08-10 14:15:57'),
(156, 3, 1, 1, NULL, NULL, '2025-07-03 08:00:00', '2025-07-03 17:43:00', 9.72, '2025-07-03', 'Manual attendance', '2025-08-10 14:15:57', '2025-08-10 14:15:57'),
(157, 3, 1, 1, NULL, NULL, '2025-07-04 07:47:00', '2025-07-04 16:56:00', 9.15, '2025-07-04', 'Manual attendance', '2025-08-10 14:15:57', '2025-08-10 14:15:57'),
(159, 3, 1, 3, NULL, NULL, '2025-07-08 00:00:00', NULL, 0.00, '2025-07-08', 'Absent', '2025-08-10 14:15:57', '2025-08-10 14:15:57'),
(160, 3, 1, 2, NULL, NULL, '2025-07-09 08:19:00', '2025-07-09 16:59:00', 8.67, '2025-07-09', 'Auto checkout', '2025-08-10 14:15:57', '2025-08-10 14:15:57'),
(161, 3, 3, 1, NULL, NULL, '2025-07-10 07:47:00', '2025-07-10 16:20:00', 8.55, '2025-07-10', 'Manual attendance', '2025-08-10 14:15:57', '2025-08-10 14:15:57'),
(162, 3, 1, 1, NULL, NULL, '2025-07-11 08:08:00', '2025-07-11 17:06:00', 8.97, '2025-07-11', 'Manual attendance', '2025-08-10 14:15:57', '2025-08-10 14:15:57'),
(165, 3, 1, 1, NULL, NULL, '2025-07-14 07:50:00', '2025-07-14 16:59:00', 9.15, '2025-07-14', 'Manual attendance', '2025-08-10 14:15:57', '2025-08-10 14:15:57'),
(166, 3, 1, 1, NULL, NULL, '2025-07-15 07:53:00', '2025-07-15 16:56:00', 9.05, '2025-07-15', 'Auto checkout', '2025-08-10 14:15:57', '2025-08-10 14:15:57'),
(167, 3, 1, 3, NULL, NULL, '2025-07-16 00:00:00', NULL, 0.00, '2025-07-16', 'Absent', '2025-08-10 14:15:57', '2025-08-10 14:15:57'),
(168, 3, 1, 1, NULL, NULL, '2025-07-17 08:02:00', '2025-07-17 16:35:00', 8.55, '2025-07-17', 'Manual attendance', '2025-08-10 14:15:57', '2025-08-10 14:15:57'),
(169, 3, 3, 2, NULL, NULL, '2025-07-18 08:50:00', '2025-07-18 16:59:00', 8.15, '2025-07-18', 'Auto checkout', '2025-08-10 14:15:57', '2025-08-10 14:15:57'),
(172, 3, 3, 1, NULL, NULL, '2025-07-22 08:14:00', '2025-07-22 16:14:00', 8.00, '2025-07-22', 'Manual attendance', '2025-08-10 14:15:57', '2025-08-10 14:15:57'),
(173, 3, 1, 1, NULL, NULL, '2025-07-23 07:53:00', '2025-07-23 17:40:00', 9.78, '2025-07-23', 'Manual attendance', '2025-08-10 14:15:57', '2025-08-10 14:15:57'),
(174, 3, 2, 1, NULL, NULL, '2025-07-24 08:13:00', '2025-07-24 16:09:00', 7.93, '2025-07-24', 'Manual attendance', '2025-08-10 14:15:57', '2025-08-10 14:15:57'),
(175, 3, 1, 1, NULL, NULL, '2025-07-25 08:03:00', '2025-07-25 17:25:00', 9.37, '2025-07-25', 'Manual attendance', '2025-08-10 14:15:57', '2025-08-10 14:15:57'),
(177, 3, 1, 1, NULL, NULL, '2025-07-29 08:08:00', '2025-07-29 16:58:00', 8.83, '2025-07-29', 'Auto checkout', '2025-08-10 14:15:57', '2025-08-10 14:15:57'),
(178, 3, 1, 2, NULL, NULL, '2025-07-30 08:36:00', '2025-07-30 17:36:00', 9.00, '2025-07-30', 'Manual attendance', '2025-08-10 14:15:57', '2025-08-10 14:15:57'),
(179, 3, 1, 3, NULL, NULL, '2025-07-31 00:00:00', NULL, 0.00, '2025-07-31', 'Absent', '2025-08-10 14:15:57', '2025-08-10 14:15:57'),
(180, 3, 1, 2, NULL, NULL, '2025-08-01 08:26:00', '2025-08-01 17:38:00', 9.20, '2025-08-01', 'Manual attendance', '2025-08-10 14:15:57', '2025-08-10 14:15:57'),
(182, 3, 1, 3, NULL, NULL, '2025-08-05 00:00:00', NULL, 0.00, '2025-08-05', 'Absent', '2025-08-10 14:15:57', '2025-08-10 14:15:57'),
(183, 3, 1, 2, NULL, NULL, '2025-08-06 08:34:00', '2025-08-06 17:58:00', 9.40, '2025-08-06', 'Manual attendance', '2025-08-10 14:15:57', '2025-08-10 14:15:57'),
(184, 3, 1, 3, NULL, NULL, '2025-08-07 00:00:00', NULL, 0.00, '2025-08-07', 'Absent', '2025-08-10 14:15:57', '2025-08-10 14:15:57'),
(185, 12, 1, 1, NULL, NULL, '2025-07-01 07:58:00', '2025-07-01 16:59:00', 9.02, '2025-07-01', 'Auto checkout', '2025-08-10 14:15:57', '2025-08-10 14:15:57'),
(186, 12, 1, 3, NULL, NULL, '2025-07-02 00:00:00', NULL, 0.00, '2025-07-02', 'Absent', '2025-08-10 14:15:57', '2025-08-10 14:15:57'),
(187, 12, 1, 1, NULL, NULL, '2025-07-03 08:12:00', '2025-07-03 16:04:00', 7.87, '2025-07-03', 'Manual attendance', '2025-08-10 14:15:57', '2025-08-10 14:15:57'),
(188, 12, 1, 2, NULL, NULL, '2025-07-04 08:25:00', '2025-07-04 16:09:00', 7.73, '2025-07-04', 'Manual attendance', '2025-08-10 14:15:57', '2025-08-10 14:15:57'),
(190, 12, 1, 2, NULL, NULL, '2025-07-08 08:02:00', '2025-07-08 16:57:00', 8.92, '2025-07-08', 'Auto checkout', '2025-08-10 14:15:57', '2025-08-10 14:15:57'),
(191, 12, 1, 1, NULL, NULL, '2025-07-09 08:08:00', '2025-07-09 17:03:00', 8.92, '2025-07-09', 'Auto checkout', '2025-08-10 14:15:57', '2025-08-10 14:15:57'),
(192, 12, 1, 1, NULL, NULL, '2025-07-10 07:57:00', '2025-07-10 17:27:00', 9.50, '2025-07-10', 'Manual attendance', '2025-08-10 14:15:57', '2025-08-10 14:15:57'),
(193, 12, 1, 2, NULL, NULL, '2025-07-11 08:17:00', '2025-07-11 17:37:00', 9.33, '2025-07-11', 'Manual attendance', '2025-08-10 14:15:57', '2025-08-10 14:15:57'),
(195, 12, 1, 2, NULL, NULL, '2025-07-15 08:41:00', '2025-07-15 16:57:00', 8.27, '2025-07-15', 'Auto checkout', '2025-08-10 14:15:57', '2025-08-10 14:15:57'),
(196, 12, 1, 1, NULL, NULL, '2025-07-16 08:06:00', '2025-07-16 17:00:00', 8.90, '2025-07-16', 'Auto checkout', '2025-08-10 14:15:57', '2025-08-10 14:15:57'),
(197, 12, 1, 1, NULL, NULL, '2025-07-17 07:57:00', '2025-07-17 17:47:00', 9.83, '2025-07-17', 'Manual attendance', '2025-08-10 14:15:57', '2025-08-10 14:15:57'),
(198, 12, 1, 1, NULL, NULL, '2025-07-18 08:03:00', '2025-07-18 16:41:00', 8.63, '2025-07-18', 'Manual attendance', '2025-08-10 14:15:57', '2025-08-10 14:15:57'),
(200, 12, 1, 2, NULL, NULL, '2025-07-22 08:40:00', '2025-07-22 17:16:00', 8.60, '2025-07-22', 'Manual attendance', '2025-08-10 14:15:57', '2025-08-10 14:15:57'),
(201, 12, 1, 1, NULL, NULL, '2025-07-23 08:14:00', '2025-07-23 17:15:00', 9.02, '2025-07-23', 'Manual attendance', '2025-08-10 14:15:57', '2025-08-10 14:15:57'),
(202, 12, 1, 1, NULL, NULL, '2025-07-24 08:39:00', '2025-07-24 16:08:00', 7.48, '2025-07-24', 'Manual attendance', '2025-08-10 14:15:57', '2025-08-10 14:15:57'),
(203, 12, 1, 1, NULL, NULL, '2025-07-25 07:58:00', '2025-07-25 16:13:00', 8.25, '2025-07-25', 'Manual attendance', '2025-08-10 14:15:57', '2025-08-10 14:15:57'),
(205, 12, 1, 1, NULL, NULL, '2025-07-29 07:48:00', '2025-07-29 17:37:00', 9.82, '2025-07-29', 'Manual attendance', '2025-08-10 14:15:57', '2025-08-10 14:15:57'),
(206, 12, 3, 2, NULL, NULL, '2025-07-30 08:33:00', '2025-07-30 17:25:00', 8.87, '2025-07-30', 'Manual attendance', '2025-08-10 14:15:57', '2025-08-10 14:15:57'),
(207, 12, 1, 1, NULL, NULL, '2025-07-31 07:58:00', '2025-07-31 16:59:00', 9.02, '2025-07-31', 'Auto checkout', '2025-08-10 14:15:57', '2025-08-10 14:15:57'),
(208, 12, 1, 1, NULL, NULL, '2025-08-01 08:10:00', '2025-08-01 17:21:00', 9.18, '2025-08-01', 'Manual attendance', '2025-08-10 14:15:57', '2025-08-10 14:15:57'),
(210, 12, 1, 1, NULL, NULL, '2025-08-05 08:43:00', '2025-08-05 16:32:00', 7.82, '2025-08-05', 'Manual attendance', '2025-08-10 14:15:57', '2025-08-10 14:15:57'),
(211, 12, 1, 2, NULL, NULL, '2025-08-06 08:16:00', '2025-08-06 17:35:00', 9.32, '2025-08-06', 'Manual attendance', '2025-08-10 14:15:57', '2025-08-10 14:15:57'),
(212, 12, 1, 1, NULL, NULL, '2025-08-07 07:54:00', '2025-08-07 16:58:00', 9.07, '2025-08-07', 'Auto checkout', '2025-08-10 14:15:57', '2025-08-10 14:15:57'),
(213, 26, 1, 1, NULL, NULL, '2025-07-01 07:53:00', '2025-07-01 17:58:00', 10.08, '2025-07-01', 'Manual attendance', '2025-08-10 14:15:57', '2025-08-10 14:15:57'),
(214, 26, 1, 1, NULL, NULL, '2025-07-02 08:07:00', '2025-07-02 17:59:00', 9.87, '2025-07-02', 'Manual attendance', '2025-08-10 14:15:57', '2025-08-10 14:15:57'),
(215, 26, 1, 1, NULL, NULL, '2025-07-03 07:47:00', '2025-07-03 17:02:00', 9.25, '2025-07-03', 'Auto checkout', '2025-08-10 14:15:57', '2025-08-10 14:15:57'),
(216, 26, 1, 1, NULL, NULL, '2025-07-04 08:02:00', '2025-07-04 16:20:00', 8.30, '2025-07-04', 'Manual attendance', '2025-08-10 14:15:57', '2025-08-10 14:15:57'),
(218, 26, 1, 1, NULL, NULL, '2025-07-08 08:07:00', '2025-07-08 17:28:00', 9.35, '2025-07-08', 'Manual attendance', '2025-08-10 14:15:57', '2025-08-10 14:15:57'),
(219, 26, 1, 1, NULL, NULL, '2025-07-09 07:56:00', '2025-07-09 17:08:00', 9.20, '2025-07-09', 'Manual attendance', '2025-08-10 14:15:57', '2025-08-10 14:15:57'),
(220, 26, 1, 2, NULL, NULL, '2025-07-10 08:19:00', '2025-07-10 17:34:00', 9.25, '2025-07-10', 'Manual attendance', '2025-08-10 14:15:57', '2025-08-10 14:15:57'),
(221, 26, 1, 1, NULL, NULL, '2025-07-11 08:04:00', '2025-07-11 16:55:00', 8.85, '2025-07-11', 'Manual attendance', '2025-08-10 14:15:57', '2025-08-10 14:15:57'),
(223, 26, 2, 1, NULL, NULL, '2025-07-15 07:46:00', '2025-07-15 16:34:00', 8.80, '2025-07-15', 'Manual attendance', '2025-08-10 14:15:57', '2025-08-10 14:15:57'),
(224, 26, 1, 3, NULL, NULL, '2025-07-16 00:00:00', NULL, 0.00, '2025-07-16', 'Absent', '2025-08-10 14:15:57', '2025-08-10 14:15:57'),
(225, 26, 2, 1, NULL, NULL, '2025-07-17 08:03:00', '2025-07-17 16:55:00', 8.87, '2025-07-17', 'Auto checkout', '2025-08-10 14:15:57', '2025-08-10 14:15:57'),
(226, 26, 1, 3, NULL, NULL, '2025-07-18 00:00:00', NULL, 0.00, '2025-07-18', 'Absent', '2025-08-10 14:15:57', '2025-08-10 14:15:57'),
(228, 26, 1, 2, NULL, NULL, '2025-07-22 08:35:00', '2025-07-22 17:03:00', 8.47, '2025-07-22', 'Auto checkout', '2025-08-10 14:15:57', '2025-08-10 14:15:57'),
(229, 26, 3, 1, NULL, NULL, '2025-07-23 08:03:00', '2025-07-23 16:56:00', 8.88, '2025-07-23', 'Auto checkout', '2025-08-10 14:15:57', '2025-08-10 14:15:57'),
(230, 26, 1, 1, NULL, NULL, '2025-07-24 07:53:00', '2025-07-24 17:31:00', 9.63, '2025-07-24', 'Manual attendance', '2025-08-10 14:15:57', '2025-08-10 14:15:57'),
(231, 26, 3, 1, NULL, NULL, '2025-07-25 08:11:00', '2025-07-25 17:26:00', 9.25, '2025-07-25', 'Manual attendance', '2025-08-10 14:15:57', '2025-08-10 14:15:57'),
(233, 26, 1, 2, NULL, NULL, '2025-07-29 08:04:00', '2025-07-29 16:59:00', 8.92, '2025-07-29', 'Manual attendance', '2025-08-10 14:15:57', '2025-08-10 14:15:57'),
(234, 26, 2, 1, NULL, NULL, '2025-07-30 08:12:00', '2025-07-30 16:14:00', 8.03, '2025-07-30', 'Manual attendance', '2025-08-10 14:15:57', '2025-08-10 14:15:57'),
(235, 26, 1, 1, NULL, NULL, '2025-07-31 08:06:00', '2025-07-31 17:00:00', 8.90, '2025-07-31', 'Auto checkout', '2025-08-10 14:15:57', '2025-08-10 14:15:57'),
(236, 26, 2, 1, NULL, NULL, '2025-08-01 07:50:00', '2025-08-01 16:13:00', 8.38, '2025-08-01', 'Manual attendance', '2025-08-10 14:15:57', '2025-08-10 14:15:57'),
(238, 26, 1, 3, NULL, NULL, '2025-08-05 00:00:00', NULL, 0.00, '2025-08-05', 'Absent', '2025-08-10 14:15:57', '2025-08-10 14:15:57'),
(239, 26, 1, 1, NULL, NULL, '2025-08-06 08:14:00', '2025-08-06 16:58:00', 8.73, '2025-08-06', 'Manual attendance', '2025-08-10 14:15:57', '2025-08-10 14:15:57'),
(240, 26, 1, 1, NULL, NULL, '2025-08-07 07:55:00', '2025-08-07 17:00:00', 9.08, '2025-08-07', 'Manual attendance', '2025-08-10 14:15:57', '2025-08-10 14:15:57'),
(241, 27, 1, 2, NULL, NULL, '2025-07-01 08:26:00', '2025-07-01 16:56:00', 8.50, '2025-07-01', 'Auto checkout', '2025-08-10 14:15:57', '2025-08-10 14:15:57'),
(242, 27, 1, 3, NULL, NULL, '2025-07-02 00:00:00', NULL, 0.00, '2025-07-02', 'Absent', '2025-08-10 14:15:57', '2025-08-10 14:15:57'),
(243, 27, 1, 1, NULL, NULL, '2025-07-03 07:47:00', '2025-07-03 16:55:00', 9.13, '2025-07-03', 'Auto checkout', '2025-08-10 14:15:57', '2025-08-10 14:15:57'),
(244, 27, 1, 1, NULL, NULL, '2025-07-04 08:00:00', '2025-07-04 16:56:00', 8.93, '2025-07-04', 'Auto checkout', '2025-08-10 14:15:57', '2025-08-10 14:15:57'),
(246, 27, 1, 2, NULL, NULL, '2025-07-08 08:02:00', '2025-07-08 17:04:00', 9.03, '2025-07-08', 'Auto checkout', '2025-08-10 14:15:57', '2025-08-10 14:15:57'),
(247, 27, 1, 1, NULL, NULL, '2025-07-09 08:30:00', '2025-07-09 17:11:00', 8.68, '2025-07-09', 'Manual attendance', '2025-08-10 14:15:57', '2025-08-10 14:15:57'),
(248, 27, 1, 1, NULL, NULL, '2025-07-10 08:09:00', '2025-07-10 17:19:00', 9.17, '2025-07-10', 'Manual attendance', '2025-08-10 14:15:57', '2025-08-10 14:15:57'),
(249, 27, 1, 2, NULL, NULL, '2025-07-11 08:33:00', '2025-07-11 17:03:00', 8.50, '2025-07-11', 'Manual attendance', '2025-08-10 14:15:57', '2025-08-10 14:15:57'),
(252, 27, 1, 1, NULL, NULL, '2025-07-15 07:59:00', '2025-07-15 17:03:00', 9.07, '2025-07-15', 'Manual attendance', '2025-08-10 14:15:57', '2025-08-10 14:15:57'),
(253, 27, 2, 1, NULL, NULL, '2025-07-16 07:59:00', '2025-07-16 17:25:00', 9.43, '2025-07-16', 'Manual attendance', '2025-08-10 14:15:57', '2025-08-10 14:15:57'),
(254, 27, 1, 1, NULL, NULL, '2025-07-17 08:06:00', '2025-07-17 16:17:00', 8.18, '2025-07-17', 'Manual attendance', '2025-08-10 14:15:57', '2025-08-10 14:15:57'),
(255, 27, 1, 2, NULL, NULL, '2025-07-18 08:42:00', '2025-07-18 16:58:00', 8.27, '2025-07-18', 'Auto checkout', '2025-08-10 14:15:57', '2025-08-10 14:15:57'),
(257, 27, 1, 2, NULL, NULL, '2025-07-22 08:39:00', '2025-07-22 17:01:00', 8.37, '2025-07-22', 'Auto checkout', '2025-08-10 14:15:57', '2025-08-10 14:15:57'),
(258, 27, 1, 1, NULL, NULL, '2025-07-23 07:55:00', '2025-07-23 16:22:00', 8.45, '2025-07-23', 'Manual attendance', '2025-08-10 14:15:57', '2025-08-10 14:15:57'),
(259, 27, 1, 1, NULL, NULL, '2025-07-24 07:52:00', '2025-07-24 16:56:00', 9.07, '2025-07-24', 'Auto checkout', '2025-08-10 14:15:57', '2025-08-10 14:15:57'),
(260, 27, 1, 1, NULL, NULL, '2025-07-25 08:13:00', '2025-07-25 17:16:00', 9.05, '2025-07-25', 'Manual attendance', '2025-08-10 14:15:57', '2025-08-10 14:15:57'),
(262, 27, 1, 1, NULL, NULL, '2025-07-29 07:58:00', '2025-07-29 17:08:00', 9.17, '2025-07-29', 'Manual attendance', '2025-08-10 14:15:57', '2025-08-10 14:15:57'),
(263, 27, 1, 1, NULL, NULL, '2025-07-30 07:58:00', '2025-07-30 16:55:00', 8.95, '2025-07-30', 'Auto checkout', '2025-08-10 14:15:57', '2025-08-10 14:15:57'),
(264, 27, 3, 2, NULL, NULL, '2025-07-31 08:43:00', '2025-07-31 17:50:00', 9.12, '2025-07-31', 'Manual attendance', '2025-08-10 14:15:57', '2025-08-10 14:15:57'),
(265, 27, 1, 3, NULL, NULL, '2025-08-01 00:00:00', NULL, 0.00, '2025-08-01', 'Absent', '2025-08-10 14:15:57', '2025-08-10 14:15:57'),
(267, 27, 1, 1, NULL, NULL, '2025-08-05 07:54:00', '2025-08-05 17:04:00', 9.17, '2025-08-05', 'Auto checkout', '2025-08-10 14:15:57', '2025-08-10 14:15:57'),
(268, 27, 2, 1, NULL, NULL, '2025-08-06 08:48:00', '2025-08-06 17:54:00', 9.10, '2025-08-06', 'Manual attendance', '2025-08-10 14:15:57', '2025-08-10 14:15:57'),
(269, 27, 2, 2, NULL, NULL, '2025-08-07 08:12:00', '2025-08-07 16:37:00', 8.42, '2025-08-07', 'Manual attendance', '2025-08-10 14:15:57', '2025-08-10 14:15:57'),
(270, 28, 1, 1, NULL, NULL, '2025-07-01 07:56:00', '2025-07-01 17:49:00', 9.88, '2025-07-01', 'Manual attendance', '2025-08-10 14:15:57', '2025-08-10 14:15:57'),
(271, 28, 1, 1, NULL, NULL, '2025-07-02 07:47:00', '2025-07-02 16:58:00', 9.18, '2025-07-02', 'Auto checkout', '2025-08-10 14:15:57', '2025-08-10 14:15:57'),
(272, 28, 1, 1, NULL, NULL, '2025-07-03 08:10:00', '2025-07-03 17:00:00', 8.83, '2025-07-03', 'Auto checkout', '2025-08-10 14:15:57', '2025-08-10 14:15:57'),
(273, 28, 1, 3, NULL, NULL, '2025-07-04 00:00:00', NULL, 0.00, '2025-07-04', 'Absent', '2025-08-10 14:15:57', '2025-08-10 14:15:57'),
(275, 28, 1, 2, NULL, NULL, '2025-07-08 08:41:00', '2025-07-08 16:56:00', 8.25, '2025-07-08', 'Auto checkout', '2025-08-10 14:15:57', '2025-08-10 14:15:57'),
(276, 28, 1, 2, NULL, NULL, '2025-07-09 08:29:00', '2025-07-09 17:10:00', 8.68, '2025-07-09', 'Manual attendance', '2025-08-10 14:15:57', '2025-08-10 14:15:57'),
(277, 28, 2, 1, NULL, NULL, '2025-07-10 08:13:00', '2025-07-10 17:49:00', 9.60, '2025-07-10', 'Manual attendance', '2025-08-10 14:15:57', '2025-08-10 14:15:57'),
(278, 28, 1, 1, NULL, NULL, '2025-07-11 07:50:00', '2025-07-11 16:07:00', 8.28, '2025-07-11', 'Manual attendance', '2025-08-10 14:15:57', '2025-08-10 14:15:57'),
(280, 28, 1, 1, NULL, NULL, '2025-07-15 07:56:00', '2025-07-15 16:24:00', 8.47, '2025-07-15', 'Manual attendance', '2025-08-10 14:15:57', '2025-08-10 14:15:57'),
(281, 28, 1, 1, NULL, NULL, '2025-07-16 07:54:00', '2025-07-16 16:45:00', 8.85, '2025-07-16', 'Manual attendance', '2025-08-10 14:15:57', '2025-08-10 14:15:57'),
(282, 28, 1, 1, NULL, NULL, '2025-07-17 07:58:00', '2025-07-17 17:00:00', 9.03, '2025-07-17', 'Auto checkout', '2025-08-10 14:15:57', '2025-08-10 14:15:57'),
(283, 28, 2, 2, NULL, NULL, '2025-07-18 08:44:00', '2025-07-18 16:30:00', 7.77, '2025-07-18', 'Manual attendance', '2025-08-10 14:15:57', '2025-08-10 14:15:57'),
(285, 28, 1, 3, NULL, NULL, '2025-07-22 00:00:00', NULL, 0.00, '2025-07-22', 'Absent', '2025-08-10 14:15:57', '2025-08-10 14:15:57'),
(286, 28, 1, 2, NULL, NULL, '2025-07-23 08:20:00', '2025-07-23 17:08:00', 8.80, '2025-07-23', 'Manual attendance', '2025-08-10 14:15:57', '2025-08-10 14:15:57'),
(287, 28, 3, 2, NULL, NULL, '2025-07-24 08:56:00', '2025-07-24 17:18:00', 8.37, '2025-07-24', 'Manual attendance', '2025-08-10 14:15:57', '2025-08-10 14:15:57'),
(288, 28, 3, 1, NULL, NULL, '2025-07-25 08:12:00', '2025-07-25 16:55:00', 8.72, '2025-07-25', 'Auto checkout', '2025-08-10 14:15:57', '2025-08-10 14:15:57'),
(290, 28, 1, 2, NULL, NULL, '2025-07-29 08:28:00', '2025-07-29 17:00:00', 8.53, '2025-07-29', 'Manual attendance', '2025-08-10 14:15:57', '2025-08-10 14:15:57'),
(291, 28, 1, 3, NULL, NULL, '2025-07-30 00:00:00', NULL, 0.00, '2025-07-30', 'Absent', '2025-08-10 14:15:57', '2025-08-10 14:15:57'),
(292, 28, 1, 3, NULL, NULL, '2025-07-31 00:00:00', NULL, 0.00, '2025-07-31', 'Absent', '2025-08-10 14:15:57', '2025-08-10 14:15:57'),
(293, 28, 1, 2, NULL, NULL, '2025-08-01 08:14:00', '2025-08-01 16:03:00', 7.82, '2025-08-01', 'Manual attendance', '2025-08-10 14:15:57', '2025-08-10 14:15:57'),
(295, 28, 1, 1, NULL, NULL, '2025-08-05 08:07:00', '2025-08-05 16:45:00', 8.63, '2025-08-05', 'Manual attendance', '2025-08-10 14:15:57', '2025-08-10 14:15:57'),
(296, 28, 2, 1, NULL, NULL, '2025-08-06 08:04:00', '2025-08-06 16:58:00', 8.90, '2025-08-06', 'Auto checkout', '2025-08-10 14:15:57', '2025-08-10 14:15:57'),
(297, 28, 2, 1, NULL, NULL, '2025-08-07 07:59:00', '2025-08-07 17:49:00', 9.83, '2025-08-07', 'Manual attendance', '2025-08-10 14:15:57', '2025-08-10 14:15:57'),
(298, 29, 1, 1, NULL, NULL, '2025-07-01 07:59:00', '2025-07-01 17:39:00', 9.67, '2025-07-01', 'Manual attendance', '2025-08-10 14:15:57', '2025-08-10 14:15:57'),
(299, 29, 1, 1, NULL, NULL, '2025-07-02 07:53:00', '2025-07-02 16:14:00', 8.35, '2025-07-02', 'Manual attendance', '2025-08-10 14:15:57', '2025-08-10 14:15:57'),
(300, 29, 3, 1, NULL, NULL, '2025-07-03 08:29:00', '2025-07-03 17:01:00', 8.53, '2025-07-03', 'Auto checkout', '2025-08-10 14:15:57', '2025-08-10 14:15:57'),
(301, 29, 2, 2, NULL, NULL, '2025-07-04 08:28:00', '2025-07-04 16:04:00', 7.60, '2025-07-04', 'Manual attendance', '2025-08-10 14:15:57', '2025-08-10 14:15:57'),
(303, 29, 3, 2, NULL, NULL, '2025-07-07 08:25:00', '2025-07-07 17:00:00', 8.58, '2025-07-07', 'Auto checkout', '2025-08-10 14:15:57', '2025-08-10 14:15:57'),
(304, 29, 1, 1, NULL, NULL, '2025-07-08 07:49:00', '2025-07-08 16:56:00', 9.12, '2025-07-08', 'Auto checkout', '2025-08-10 14:15:57', '2025-08-10 14:15:57'),
(305, 29, 3, 1, NULL, NULL, '2025-07-09 08:05:00', '2025-07-09 17:21:00', 9.27, '2025-07-09', 'Manual attendance', '2025-08-10 14:15:57', '2025-08-10 14:15:57'),
(306, 29, 1, 3, NULL, NULL, '2025-07-10 00:00:00', NULL, 0.00, '2025-07-10', 'Absent', '2025-08-10 14:15:57', '2025-08-10 14:15:57'),
(307, 29, 2, 2, NULL, NULL, '2025-07-11 08:37:00', '2025-07-11 17:30:00', 8.88, '2025-07-11', 'Manual attendance', '2025-08-10 14:15:57', '2025-08-10 14:15:57'),
(309, 29, 3, 1, NULL, NULL, '2025-07-15 07:57:00', '2025-07-15 16:32:00', 8.58, '2025-07-15', 'Manual attendance', '2025-08-10 14:15:57', '2025-08-10 14:15:57'),
(310, 29, 1, 1, NULL, NULL, '2025-07-16 08:03:00', '2025-07-16 16:51:00', 8.80, '2025-07-16', 'Manual attendance', '2025-08-10 14:15:57', '2025-08-10 14:15:57'),
(311, 29, 2, 2, NULL, NULL, '2025-07-17 08:16:00', '2025-07-17 17:03:00', 8.78, '2025-07-17', 'Auto checkout', '2025-08-10 14:15:57', '2025-08-10 14:15:57'),
(312, 29, 2, 2, NULL, NULL, '2025-07-18 08:45:00', '2025-07-18 17:03:00', 8.30, '2025-07-18', 'Auto checkout', '2025-08-10 14:15:57', '2025-08-10 14:15:57'),
(314, 29, 1, 1, NULL, NULL, '2025-07-22 08:03:00', '2025-07-22 17:58:00', 9.92, '2025-07-22', 'Manual attendance', '2025-08-10 14:15:57', '2025-08-10 14:15:57'),
(315, 29, 1, 1, NULL, NULL, '2025-07-23 07:45:00', '2025-07-23 16:02:00', 8.28, '2025-07-23', 'Manual attendance', '2025-08-10 14:15:57', '2025-08-10 14:15:57'),
(316, 29, 1, 1, NULL, NULL, '2025-07-24 08:03:00', '2025-07-24 17:53:00', 9.83, '2025-07-24', 'Manual attendance', '2025-08-10 14:15:57', '2025-08-10 14:15:57'),
(317, 29, 1, 2, NULL, NULL, '2025-07-25 08:32:00', '2025-07-25 16:13:00', 7.68, '2025-07-25', 'Manual attendance', '2025-08-10 14:15:57', '2025-08-10 14:15:57'),
(319, 29, 1, 3, NULL, NULL, '2025-07-29 00:00:00', NULL, 0.00, '2025-07-29', 'Absent', '2025-08-10 14:15:57', '2025-08-10 14:15:57'),
(320, 29, 2, 1, NULL, NULL, '2025-07-30 08:14:00', '2025-07-30 16:56:00', 8.70, '2025-07-30', 'Auto checkout', '2025-08-10 14:15:57', '2025-08-10 14:15:57'),
(321, 29, 1, 1, NULL, NULL, '2025-07-31 08:22:00', '2025-07-31 16:42:00', 8.33, '2025-07-31', 'Manual attendance', '2025-08-10 14:15:57', '2025-08-10 14:15:57'),
(322, 29, 1, 3, NULL, NULL, '2025-08-01 00:00:00', NULL, 0.00, '2025-08-01', 'Absent', '2025-08-10 14:15:57', '2025-08-10 14:15:57'),
(324, 29, 1, 1, NULL, NULL, '2025-08-04 08:50:00', '2025-08-04 17:36:00', 8.77, '2025-08-04', 'Manual attendance', '2025-08-10 14:15:57', '2025-08-10 14:15:57'),
(325, 29, 2, 1, NULL, NULL, '2025-08-05 08:14:00', '2025-08-05 17:01:00', 8.78, '2025-08-05', 'Auto checkout', '2025-08-10 14:15:57', '2025-08-10 14:15:57'),
(326, 29, 1, 2, NULL, NULL, '2025-08-06 08:19:00', '2025-08-06 16:06:00', 7.78, '2025-08-06', 'Manual attendance', '2025-08-10 14:15:57', '2025-08-10 14:15:57'),
(327, 29, 1, 1, NULL, NULL, '2025-08-07 07:51:00', '2025-08-07 17:26:00', 9.58, '2025-08-07', 'Manual attendance', '2025-08-10 14:15:57', '2025-08-10 14:15:57'),
(328, 30, 3, 1, NULL, NULL, '2025-07-01 07:58:00', '2025-07-01 17:51:00', 9.88, '2025-07-01', 'Manual attendance', '2025-08-10 14:15:57', '2025-08-10 14:15:57'),
(329, 30, 1, 1, NULL, NULL, '2025-07-02 07:45:00', '2025-07-02 17:01:00', 9.27, '2025-07-02', 'Auto checkout', '2025-08-10 14:15:57', '2025-08-10 14:15:57'),
(330, 30, 2, 2, NULL, NULL, '2025-07-03 08:34:00', '2025-07-03 17:07:00', 8.55, '2025-07-03', 'Manual attendance', '2025-08-10 14:15:57', '2025-08-10 14:15:57'),
(331, 30, 1, 3, NULL, NULL, '2025-07-04 00:00:00', NULL, 0.00, '2025-07-04', 'Absent', '2025-08-10 14:15:57', '2025-08-10 14:15:57'),
(333, 30, 1, 1, NULL, NULL, '2025-07-08 07:59:00', '2025-07-08 16:57:00', 8.97, '2025-07-08', 'Auto checkout', '2025-08-10 14:15:57', '2025-08-10 14:15:57'),
(334, 30, 2, 1, NULL, NULL, '2025-07-09 07:45:00', '2025-07-09 16:35:00', 8.83, '2025-07-09', 'Manual attendance', '2025-08-10 14:15:57', '2025-08-10 14:15:57'),
(335, 30, 1, 2, NULL, NULL, '2025-07-10 08:21:00', '2025-07-10 16:18:00', 7.95, '2025-07-10', 'Manual attendance', '2025-08-10 14:15:57', '2025-08-10 14:15:57'),
(336, 30, 1, 1, NULL, NULL, '2025-07-11 08:00:00', '2025-07-11 17:01:00', 9.02, '2025-07-11', 'Auto checkout', '2025-08-10 14:15:57', '2025-08-10 14:15:57'),
(338, 30, 1, 2, NULL, NULL, '2025-07-15 08:03:00', '2025-07-15 17:22:00', 9.32, '2025-07-15', 'Manual attendance', '2025-08-10 14:15:57', '2025-08-10 14:15:57'),
(339, 30, 1, 1, NULL, NULL, '2025-07-16 07:56:00', '2025-07-16 16:02:00', 8.10, '2025-07-16', 'Manual attendance', '2025-08-10 14:15:57', '2025-08-10 14:15:57'),
(340, 30, 3, 2, NULL, NULL, '2025-07-17 08:31:00', '2025-07-17 17:00:00', 8.48, '2025-07-17', 'Auto checkout', '2025-08-10 14:15:58', '2025-08-10 14:15:58'),
(341, 30, 2, 1, NULL, NULL, '2025-07-18 07:54:00', '2025-07-18 16:04:00', 8.17, '2025-07-18', 'Manual attendance', '2025-08-10 14:15:58', '2025-08-10 14:15:58'),
(343, 30, 1, 1, NULL, NULL, '2025-07-22 07:56:00', '2025-07-22 16:16:00', 8.33, '2025-07-22', 'Manual attendance', '2025-08-10 14:15:58', '2025-08-10 14:15:58'),
(344, 30, 1, 1, NULL, NULL, '2025-07-23 08:04:00', '2025-07-23 17:26:00', 9.37, '2025-07-23', 'Manual attendance', '2025-08-10 14:15:58', '2025-08-10 14:15:58'),
(345, 30, 3, 1, NULL, NULL, '2025-07-24 08:05:00', '2025-07-24 17:09:00', 9.07, '2025-07-24', 'Manual attendance', '2025-08-10 14:15:58', '2025-08-10 14:15:58'),
(346, 30, 1, 1, NULL, NULL, '2025-07-25 08:12:00', '2025-07-25 16:52:00', 8.67, '2025-07-25', 'Manual attendance', '2025-08-10 14:15:58', '2025-08-10 14:15:58'),
(347, 30, 3, 1, NULL, NULL, '2025-07-26 08:01:00', '2025-07-26 16:47:00', 8.77, '2025-07-26', 'Manual attendance', '2025-08-10 14:15:58', '2025-08-10 14:15:58'),
(348, 30, 2, 2, NULL, NULL, '2025-07-29 08:24:00', '2025-07-29 17:25:00', 9.02, '2025-07-29', 'Manual attendance', '2025-08-10 14:15:58', '2025-08-10 14:15:58'),
(349, 30, 1, 1, NULL, NULL, '2025-07-30 08:06:00', '2025-07-30 17:43:00', 9.62, '2025-07-30', 'Manual attendance', '2025-08-10 14:15:58', '2025-08-10 14:15:58'),
(350, 30, 1, 1, NULL, NULL, '2025-07-31 08:08:00', '2025-07-31 17:25:00', 9.28, '2025-07-31', 'Manual attendance', '2025-08-10 14:15:58', '2025-08-10 14:15:58'),
(351, 30, 1, 3, NULL, NULL, '2025-08-01 00:00:00', NULL, 0.00, '2025-08-01', 'Absent', '2025-08-10 14:15:58', '2025-08-10 14:15:58'),
(353, 30, 2, 1, NULL, NULL, '2025-08-05 07:54:00', '2025-08-05 16:08:00', 8.23, '2025-08-05', 'Manual attendance', '2025-08-10 14:15:58', '2025-08-10 14:15:58'),
(354, 30, 2, 2, NULL, NULL, '2025-08-06 08:11:00', '2025-08-06 16:54:00', 8.72, '2025-08-06', 'Manual attendance', '2025-08-10 14:15:58', '2025-08-10 14:15:58'),
(355, 30, 1, 1, NULL, NULL, '2025-08-07 07:58:00', '2025-08-07 17:36:00', 9.63, '2025-08-07', 'Manual attendance', '2025-08-10 14:15:58', '2025-08-10 14:15:58'),
(356, 31, 2, 2, NULL, NULL, '2025-07-01 08:27:00', '2025-07-01 16:57:00', 8.50, '2025-07-01', 'Auto checkout', '2025-08-10 14:15:58', '2025-08-10 14:15:58'),
(357, 31, 3, 1, NULL, NULL, '2025-07-02 08:14:00', '2025-07-02 17:29:00', 9.25, '2025-07-02', 'Manual attendance', '2025-08-10 14:15:58', '2025-08-10 14:15:58'),
(358, 31, 2, 1, NULL, NULL, '2025-07-03 07:48:00', '2025-07-03 17:33:00', 9.75, '2025-07-03', 'Manual attendance', '2025-08-10 14:15:58', '2025-08-10 14:15:58'),
(359, 31, 1, 1, NULL, NULL, '2025-07-04 08:02:00', '2025-07-04 16:55:00', 8.88, '2025-07-04', 'Auto checkout', '2025-08-10 14:15:58', '2025-08-10 14:15:58'),
(361, 31, 1, 3, NULL, NULL, '2025-07-08 00:00:00', NULL, 0.00, '2025-07-08', 'Absent', '2025-08-10 14:15:58', '2025-08-10 14:15:58'),
(362, 31, 3, 1, NULL, NULL, '2025-07-09 08:06:00', '2025-07-09 16:27:00', 8.35, '2025-07-09', 'Manual attendance', '2025-08-10 14:15:58', '2025-08-10 14:15:58'),
(363, 31, 1, 1, NULL, NULL, '2025-07-10 07:55:00', '2025-07-10 17:04:00', 9.15, '2025-07-10', 'Auto checkout', '2025-08-10 14:15:58', '2025-08-10 14:15:58'),
(364, 31, 1, 1, NULL, NULL, '2025-07-11 08:07:00', '2025-07-11 17:46:00', 9.65, '2025-07-11', 'Manual attendance', '2025-08-10 14:15:58', '2025-08-10 14:15:58'),
(366, 31, 1, 1, NULL, NULL, '2025-07-15 07:46:00', '2025-07-15 17:58:00', 10.20, '2025-07-15', 'Manual attendance', '2025-08-10 14:15:58', '2025-08-10 14:15:58'),
(367, 31, 2, 2, NULL, NULL, '2025-07-16 08:20:00', '2025-07-16 16:07:00', 7.78, '2025-07-16', 'Manual attendance', '2025-08-10 14:15:58', '2025-08-10 14:15:58'),
(368, 31, 1, 1, NULL, NULL, '2025-07-17 08:09:00', '2025-07-17 17:01:00', 8.87, '2025-07-17', 'Manual attendance', '2025-08-10 14:15:58', '2025-08-10 14:15:58'),
(369, 31, 1, 1, NULL, NULL, '2025-07-18 07:52:00', '2025-07-18 17:03:00', 9.18, '2025-07-18', 'Auto checkout', '2025-08-10 14:15:58', '2025-08-10 14:15:58'),
(371, 31, 1, 1, NULL, NULL, '2025-07-22 07:48:00', '2025-07-22 17:12:00', 9.40, '2025-07-22', 'Manual attendance', '2025-08-10 14:15:58', '2025-08-10 14:15:58'),
(372, 31, 1, 2, NULL, NULL, '2025-07-23 08:34:00', '2025-07-23 17:50:00', 9.27, '2025-07-23', 'Manual attendance', '2025-08-10 14:15:58', '2025-08-10 14:15:58'),
(373, 31, 1, 1, NULL, NULL, '2025-07-24 08:02:00', '2025-07-24 17:44:00', 9.70, '2025-07-24', 'Manual attendance', '2025-08-10 14:15:58', '2025-08-10 14:15:58'),
(374, 31, 2, 1, NULL, NULL, '2025-07-25 07:55:00', '2025-07-25 17:43:00', 9.80, '2025-07-25', 'Manual attendance', '2025-08-10 14:15:58', '2025-08-10 14:15:58'),
(377, 31, 1, 3, NULL, NULL, '2025-07-29 00:00:00', NULL, 0.00, '2025-07-29', 'Absent', '2025-08-10 14:15:58', '2025-08-10 14:15:58'),
(378, 31, 1, 2, NULL, NULL, '2025-07-30 08:11:00', '2025-07-30 17:29:00', 9.30, '2025-07-30', 'Manual attendance', '2025-08-10 14:15:58', '2025-08-10 14:15:58'),
(379, 31, 1, 1, NULL, NULL, '2025-07-31 07:47:00', '2025-07-31 16:08:00', 8.35, '2025-07-31', 'Manual attendance', '2025-08-10 14:15:58', '2025-08-10 14:15:58'),
(380, 31, 1, 2, NULL, NULL, '2025-08-01 08:20:00', '2025-08-01 17:01:00', 8.68, '2025-08-01', 'Auto checkout', '2025-08-10 14:15:58', '2025-08-10 14:15:58'),
(382, 31, 1, 1, NULL, NULL, '2025-08-05 07:49:00', '2025-08-05 17:25:00', 9.60, '2025-08-05', 'Manual attendance', '2025-08-10 14:15:58', '2025-08-10 14:15:58'),
(383, 31, 1, 2, NULL, NULL, '2025-08-06 08:13:00', '2025-08-06 16:03:00', 7.83, '2025-08-06', 'Manual attendance', '2025-08-10 14:15:58', '2025-08-10 14:15:58'),
(384, 31, 1, 2, NULL, NULL, '2025-08-07 08:36:00', '2025-08-07 17:37:00', 9.02, '2025-08-07', 'Manual attendance', '2025-08-10 14:15:58', '2025-08-10 14:15:58'),
(385, 32, 1, 1, NULL, NULL, '2025-07-01 07:51:00', '2025-07-01 17:16:00', 9.42, '2025-07-01', 'Manual attendance', '2025-08-10 14:15:58', '2025-08-10 14:15:58'),
(386, 32, 2, 1, NULL, NULL, '2025-07-02 08:05:00', '2025-07-02 16:25:00', 8.33, '2025-07-02', 'Manual attendance', '2025-08-10 14:15:58', '2025-08-10 14:15:58'),
(387, 32, 1, 1, NULL, NULL, '2025-07-03 07:46:00', '2025-07-03 16:24:00', 8.63, '2025-07-03', 'Manual attendance', '2025-08-10 14:15:58', '2025-08-10 14:15:58'),
(388, 32, 1, 1, NULL, NULL, '2025-07-04 07:49:00', '2025-07-04 16:14:00', 8.42, '2025-07-04', 'Manual attendance', '2025-08-10 14:15:58', '2025-08-10 14:15:58'),
(390, 32, 2, 1, NULL, NULL, '2025-07-08 08:06:00', '2025-07-08 17:55:00', 9.82, '2025-07-08', 'Manual attendance', '2025-08-10 14:15:58', '2025-08-10 14:15:58'),
(391, 32, 1, 1, NULL, NULL, '2025-07-09 08:02:00', '2025-07-09 16:56:00', 8.90, '2025-07-09', 'Auto checkout', '2025-08-10 14:15:58', '2025-08-10 14:15:58'),
(392, 32, 1, 1, NULL, NULL, '2025-07-10 07:51:00', '2025-07-10 17:18:00', 9.45, '2025-07-10', 'Manual attendance', '2025-08-10 14:15:58', '2025-08-10 14:15:58'),
(393, 32, 1, 1, NULL, NULL, '2025-07-11 08:14:00', '2025-07-11 17:02:00', 8.80, '2025-07-11', 'Manual attendance', '2025-08-10 14:15:58', '2025-08-10 14:15:58'),
(394, 32, 3, 1, NULL, NULL, '2025-07-12 07:47:00', '2025-07-12 17:27:00', 9.67, '2025-07-12', 'Manual attendance', '2025-08-10 14:15:58', '2025-08-10 14:15:58'),
(395, 32, 2, 1, NULL, NULL, '2025-07-15 08:01:00', '2025-07-15 17:02:00', 9.02, '2025-07-15', 'Auto checkout', '2025-08-10 14:15:58', '2025-08-10 14:15:58'),
(396, 32, 1, 1, NULL, NULL, '2025-07-16 07:59:00', '2025-07-16 17:40:00', 9.68, '2025-07-16', 'Manual attendance', '2025-08-10 14:15:58', '2025-08-10 14:15:58'),
(397, 32, 3, 1, NULL, NULL, '2025-07-17 08:06:00', '2025-07-17 16:46:00', 8.67, '2025-07-17', 'Manual attendance', '2025-08-10 14:15:58', '2025-08-10 14:15:58'),
(398, 32, 1, 1, NULL, NULL, '2025-07-18 07:51:00', '2025-07-18 17:03:00', 9.20, '2025-07-18', 'Auto checkout', '2025-08-10 14:15:58', '2025-08-10 14:15:58'),
(400, 32, 2, 1, NULL, NULL, '2025-07-22 07:46:00', '2025-07-22 17:04:00', 9.30, '2025-07-22', 'Auto checkout', '2025-08-10 14:15:58', '2025-08-10 14:15:58'),
(401, 32, 1, 1, NULL, NULL, '2025-07-23 07:56:00', '2025-07-23 16:56:00', 9.00, '2025-07-23', 'Auto checkout', '2025-08-10 14:15:58', '2025-08-10 14:15:58'),
(402, 32, 1, 1, NULL, NULL, '2025-07-24 08:10:00', '2025-07-24 16:12:00', 8.03, '2025-07-24', 'Manual attendance', '2025-08-10 14:15:58', '2025-08-10 14:15:58'),
(403, 32, 1, 2, NULL, NULL, '2025-07-25 08:37:00', '2025-07-25 16:57:00', 8.33, '2025-07-25', 'Auto checkout', '2025-08-10 14:15:58', '2025-08-10 14:15:58'),
(405, 32, 1, 1, NULL, NULL, '2025-07-29 07:59:00', '2025-07-29 16:52:00', 8.88, '2025-07-29', 'Manual attendance', '2025-08-10 14:15:58', '2025-08-10 14:15:58'),
(406, 32, 1, 1, NULL, NULL, '2025-07-30 08:11:00', '2025-07-30 17:37:00', 9.43, '2025-07-30', 'Manual attendance', '2025-08-10 14:15:58', '2025-08-10 14:15:58'),
(407, 32, 2, 1, NULL, NULL, '2025-07-31 07:48:00', '2025-07-31 17:49:00', 10.02, '2025-07-31', 'Manual attendance', '2025-08-10 14:15:58', '2025-08-10 14:15:58'),
(408, 32, 3, 1, NULL, NULL, '2025-08-01 07:49:00', '2025-08-01 17:08:00', 9.32, '2025-08-01', 'Manual attendance', '2025-08-10 14:15:58', '2025-08-10 14:15:58'),
(410, 32, 1, 1, NULL, NULL, '2025-08-05 07:52:00', '2025-08-05 17:02:00', 9.17, '2025-08-05', 'Auto checkout', '2025-08-10 14:15:58', '2025-08-10 14:15:58'),
(411, 32, 1, 1, NULL, NULL, '2025-08-06 07:51:00', '2025-08-06 16:12:00', 8.35, '2025-08-06', 'Manual attendance', '2025-08-10 14:15:58', '2025-08-10 14:15:58'),
(412, 32, 1, 1, NULL, NULL, '2025-08-07 07:53:00', '2025-08-07 16:30:00', 8.62, '2025-08-07', 'Manual attendance', '2025-08-10 14:15:58', '2025-08-10 14:15:58'),
(413, 33, 2, 2, NULL, NULL, '2025-07-01 08:31:00', '2025-07-01 16:57:00', 8.43, '2025-07-01', 'Auto checkout', '2025-08-10 14:15:58', '2025-08-10 14:15:58'),
(414, 33, 1, 1, NULL, NULL, '2025-07-02 07:45:00', '2025-07-02 17:16:00', 9.52, '2025-07-02', 'Manual attendance', '2025-08-10 14:15:58', '2025-08-10 14:15:58'),
(415, 33, 1, 1, NULL, NULL, '2025-07-03 08:09:00', '2025-07-03 17:24:00', 9.25, '2025-07-03', 'Manual attendance', '2025-08-10 14:15:58', '2025-08-10 14:15:58'),
(416, 33, 3, 1, NULL, NULL, '2025-07-04 08:02:00', '2025-07-04 16:13:00', 8.18, '2025-07-04', 'Manual attendance', '2025-08-10 14:15:58', '2025-08-10 14:15:58'),
(418, 33, 2, 1, NULL, NULL, '2025-07-07 07:55:00', '2025-07-07 16:57:00', 9.03, '2025-07-07', 'Auto checkout', '2025-08-10 14:15:58', '2025-08-10 14:15:58'),
(419, 33, 2, 1, NULL, NULL, '2025-07-08 07:53:00', '2025-07-08 17:30:00', 9.62, '2025-07-08', 'Manual attendance', '2025-08-10 14:15:58', '2025-08-10 14:15:58'),
(420, 33, 1, 1, NULL, NULL, '2025-07-09 08:12:00', '2025-07-09 17:00:00', 8.80, '2025-07-09', 'Auto checkout', '2025-08-10 14:15:58', '2025-08-10 14:15:58'),
(421, 33, 1, 1, NULL, NULL, '2025-07-10 08:14:00', '2025-07-10 17:03:00', 8.82, '2025-07-10', 'Auto checkout', '2025-08-10 14:15:58', '2025-08-10 14:15:58'),
(422, 33, 3, 1, NULL, NULL, '2025-07-11 08:09:00', '2025-07-11 17:09:00', 9.00, '2025-07-11', 'Manual attendance', '2025-08-10 14:15:58', '2025-08-10 14:15:58'),
(424, 33, 1, 2, NULL, NULL, '2025-07-15 08:05:00', '2025-07-15 16:32:00', 8.45, '2025-07-15', 'Manual attendance', '2025-08-10 14:15:58', '2025-08-10 14:15:58'),
(425, 33, 1, 3, NULL, NULL, '2025-07-16 00:00:00', NULL, 0.00, '2025-07-16', 'Absent', '2025-08-10 14:15:58', '2025-08-10 14:15:58'),
(426, 33, 1, 1, NULL, NULL, '2025-07-17 07:59:00', '2025-07-17 17:16:00', 9.28, '2025-07-17', 'Manual attendance', '2025-08-10 14:15:58', '2025-08-10 14:15:58'),
(427, 33, 1, 1, NULL, NULL, '2025-07-18 07:58:00', '2025-07-18 17:03:00', 9.08, '2025-07-18', 'Auto checkout', '2025-08-10 14:15:58', '2025-08-10 14:15:58'),
(429, 33, 1, 1, NULL, NULL, '2025-07-22 08:00:00', '2025-07-22 17:31:00', 9.52, '2025-07-22', 'Manual attendance', '2025-08-10 14:15:58', '2025-08-10 14:15:58'),
(430, 33, 1, 2, NULL, NULL, '2025-07-23 08:17:00', '2025-07-23 17:11:00', 8.90, '2025-07-23', 'Manual attendance', '2025-08-10 14:15:58', '2025-08-10 14:15:58'),
(431, 33, 1, 1, NULL, NULL, '2025-07-24 07:47:00', '2025-07-24 17:31:00', 9.73, '2025-07-24', 'Manual attendance', '2025-08-10 14:15:58', '2025-08-10 14:15:58'),
(432, 33, 1, 1, NULL, NULL, '2025-07-25 07:59:00', '2025-07-25 17:16:00', 9.28, '2025-07-25', 'Manual attendance', '2025-08-10 14:15:58', '2025-08-10 14:15:58'),
(434, 33, 1, 1, NULL, NULL, '2025-07-29 08:03:00', '2025-07-29 16:10:00', 8.12, '2025-07-29', 'Manual attendance', '2025-08-10 14:15:58', '2025-08-10 14:15:58'),
(435, 33, 1, 2, NULL, NULL, '2025-07-30 08:09:00', '2025-07-30 17:04:00', 8.92, '2025-07-30', 'Auto checkout', '2025-08-10 14:15:58', '2025-08-10 14:15:58'),
(436, 33, 3, 1, NULL, NULL, '2025-07-31 08:11:00', '2025-07-31 16:30:00', 8.32, '2025-07-31', 'Manual attendance', '2025-08-10 14:15:58', '2025-08-10 14:15:58'),
(437, 33, 2, 2, NULL, NULL, '2025-08-01 08:24:00', '2025-08-01 16:56:00', 8.53, '2025-08-01', 'Auto checkout', '2025-08-10 14:15:58', '2025-08-10 14:15:58'),
(440, 33, 2, 1, NULL, NULL, '2025-08-05 08:01:00', '2025-08-05 17:22:00', 9.35, '2025-08-05', 'Manual attendance', '2025-08-10 14:15:58', '2025-08-10 14:15:58'),
(441, 33, 1, 1, NULL, NULL, '2025-08-06 08:03:00', '2025-08-06 17:45:00', 9.70, '2025-08-06', 'Manual attendance', '2025-08-10 14:15:58', '2025-08-10 14:15:58'),
(442, 33, 1, 1, NULL, NULL, '2025-08-07 08:13:00', '2025-08-07 17:54:00', 9.68, '2025-08-07', 'Manual attendance', '2025-08-10 14:15:58', '2025-08-10 14:15:58'),
(443, 34, 1, 1, NULL, NULL, '2025-07-01 08:12:00', '2025-07-01 17:04:00', 8.87, '2025-07-01', 'Manual attendance', '2025-08-10 14:15:58', '2025-08-10 14:15:58'),
(444, 34, 1, 3, NULL, NULL, '2025-07-02 00:00:00', NULL, 0.00, '2025-07-02', 'Absent', '2025-08-10 14:15:58', '2025-08-10 14:15:58'),
(445, 34, 1, 1, NULL, NULL, '2025-07-03 07:51:00', '2025-07-03 17:59:00', 10.13, '2025-07-03', 'Manual attendance', '2025-08-10 14:15:58', '2025-08-10 14:15:58'),
(446, 34, 2, 1, NULL, NULL, '2025-07-04 08:00:00', '2025-07-04 16:15:00', 8.25, '2025-07-04', 'Manual attendance', '2025-08-10 14:15:58', '2025-08-10 14:15:58'),
(448, 34, 1, 3, NULL, NULL, '2025-07-08 00:00:00', NULL, 0.00, '2025-07-08', 'Absent', '2025-08-10 14:15:58', '2025-08-10 14:15:58'),
(449, 34, 1, 2, NULL, NULL, '2025-07-09 08:19:00', '2025-07-09 16:57:00', 8.63, '2025-07-09', 'Manual attendance', '2025-08-10 14:15:58', '2025-08-10 14:15:58'),
(450, 34, 1, 1, NULL, NULL, '2025-07-10 07:53:00', '2025-07-10 16:20:00', 8.45, '2025-07-10', 'Manual attendance', '2025-08-10 14:15:58', '2025-08-10 14:15:58'),
(451, 34, 3, 1, NULL, NULL, '2025-07-11 07:52:00', '2025-07-11 17:01:00', 9.15, '2025-07-11', 'Manual attendance', '2025-08-10 14:15:58', '2025-08-10 14:15:58'),
(453, 34, 1, 1, NULL, NULL, '2025-07-15 08:11:00', '2025-07-15 17:32:00', 9.35, '2025-07-15', 'Manual attendance', '2025-08-10 14:15:58', '2025-08-10 14:15:58'),
(454, 34, 2, 1, NULL, NULL, '2025-07-16 07:57:00', '2025-07-16 17:45:00', 9.80, '2025-07-16', 'Manual attendance', '2025-08-10 14:15:58', '2025-08-10 14:15:58'),
(455, 34, 1, 2, NULL, NULL, '2025-07-17 08:27:00', '2025-07-17 17:03:00', 8.60, '2025-07-17', 'Auto checkout', '2025-08-10 14:15:58', '2025-08-10 14:15:58'),
(456, 34, 1, 1, NULL, NULL, '2025-07-18 07:47:00', '2025-07-18 16:16:00', 8.48, '2025-07-18', 'Manual attendance', '2025-08-10 14:15:58', '2025-08-10 14:15:58'),
(458, 34, 1, 1, NULL, NULL, '2025-07-22 08:13:00', '2025-07-22 17:54:00', 9.68, '2025-07-22', 'Manual attendance', '2025-08-10 14:15:58', '2025-08-10 14:15:58'),
(459, 34, 1, 1, NULL, NULL, '2025-07-23 08:09:00', '2025-07-23 17:03:00', 8.90, '2025-07-23', 'Auto checkout', '2025-08-10 14:15:58', '2025-08-10 14:15:58'),
(460, 34, 1, 1, NULL, NULL, '2025-07-24 08:04:00', '2025-07-24 17:00:00', 8.93, '2025-07-24', 'Auto checkout', '2025-08-10 14:15:58', '2025-08-10 14:15:58'),
(461, 34, 1, 2, NULL, NULL, '2025-07-25 08:38:00', '2025-07-25 16:35:00', 7.95, '2025-07-25', 'Manual attendance', '2025-08-10 14:15:58', '2025-08-10 14:15:58'),
(462, 34, 3, 3, NULL, NULL, '2025-07-26 07:59:00', '2025-07-26 16:55:00', 8.93, '2025-07-26', 'Weekend off', '2025-08-10 14:15:58', '2025-08-10 14:15:58'),
(463, 34, 1, 2, NULL, NULL, '2025-07-29 08:14:00', '2025-07-29 16:15:00', 8.02, '2025-07-29', 'Manual attendance', '2025-08-10 14:15:58', '2025-08-10 14:15:58'),
(464, 34, 1, 2, NULL, NULL, '2025-07-30 08:21:00', '2025-07-30 16:08:00', 7.78, '2025-07-30', 'Manual attendance', '2025-08-10 14:15:58', '2025-08-10 14:15:58'),
(465, 34, 1, 1, NULL, NULL, '2025-07-31 07:45:00', '2025-07-31 16:04:00', 8.32, '2025-07-31', 'Manual attendance', '2025-08-10 14:15:58', '2025-08-10 14:15:58'),
(466, 34, 1, 1, NULL, NULL, '2025-08-01 08:03:00', '2025-08-01 17:04:00', 9.02, '2025-08-01', 'Auto checkout', '2025-08-10 14:15:58', '2025-08-10 14:15:58'),
(468, 34, 2, 1, NULL, NULL, '2025-08-05 07:53:00', '2025-08-05 16:55:00', 9.03, '2025-08-05', 'Auto checkout', '2025-08-10 14:15:58', '2025-08-10 14:15:58'),
(469, 34, 1, 3, NULL, NULL, '2025-08-06 00:00:00', NULL, 0.00, '2025-08-06', 'Absent', '2025-08-10 14:15:58', '2025-08-10 14:15:58'),
(470, 34, 1, 3, NULL, NULL, '2025-08-07 00:00:00', NULL, 0.00, '2025-08-07', 'Absent', '2025-08-10 14:15:58', '2025-08-10 14:15:58'),
(471, 35, 1, 1, NULL, NULL, '2025-07-01 08:02:00', '2025-07-01 16:58:00', 8.93, '2025-07-01', 'Auto checkout', '2025-08-10 14:15:58', '2025-08-10 14:15:58'),
(472, 35, 1, 3, NULL, NULL, '2025-07-02 00:00:00', NULL, 0.00, '2025-07-02', 'Absent', '2025-08-10 14:15:58', '2025-08-10 14:15:58'),
(473, 35, 2, 1, NULL, NULL, '2025-07-03 07:58:00', '2025-07-03 17:03:00', 9.08, '2025-07-03', 'Manual attendance', '2025-08-10 14:15:58', '2025-08-10 14:15:58'),
(474, 35, 2, 1, NULL, NULL, '2025-07-04 08:14:00', '2025-07-04 16:43:00', 8.48, '2025-07-04', 'Manual attendance', '2025-08-10 14:15:58', '2025-08-10 14:15:58'),
(475, 35, 3, 1, NULL, NULL, '2025-07-05 08:05:00', '2025-07-05 16:57:00', 8.87, '2025-07-05', 'Auto checkout', '2025-08-10 14:15:58', '2025-08-10 14:15:58'),
(477, 35, 3, 1, NULL, NULL, '2025-07-08 07:51:00', '2025-07-08 17:13:00', 9.37, '2025-07-08', 'Manual attendance', '2025-08-10 14:15:58', '2025-08-10 14:15:58'),
(478, 35, 1, 1, NULL, NULL, '2025-07-09 08:10:00', '2025-07-09 16:23:00', 8.22, '2025-07-09', 'Manual attendance', '2025-08-10 14:15:58', '2025-08-10 14:15:58'),
(479, 35, 1, 1, NULL, NULL, '2025-07-10 07:58:00', '2025-07-10 16:11:00', 8.22, '2025-07-10', 'Manual attendance', '2025-08-10 14:15:58', '2025-08-10 14:15:58'),
(480, 35, 2, 1, NULL, NULL, '2025-07-11 08:00:00', '2025-07-11 16:11:00', 8.18, '2025-07-11', 'Manual attendance', '2025-08-10 14:15:58', '2025-08-10 14:15:58'),
(481, 35, 3, 1, NULL, NULL, '2025-07-12 08:02:00', '2025-07-12 17:04:00', 9.03, '2025-07-12', 'Auto checkout', '2025-08-10 14:15:58', '2025-08-10 14:15:58'),
(482, 35, 3, 2, NULL, NULL, '2025-07-15 08:22:00', '2025-07-15 17:19:00', 8.95, '2025-07-15', 'Manual attendance', '2025-08-10 14:15:58', '2025-08-10 14:15:58'),
(483, 35, 1, 2, NULL, NULL, '2025-07-16 08:28:00', '2025-07-16 17:43:00', 9.25, '2025-07-16', 'Manual attendance', '2025-08-10 14:15:58', '2025-08-10 14:15:58'),
(484, 35, 2, 1, NULL, NULL, '2025-07-17 08:02:00', '2025-07-17 17:14:00', 9.20, '2025-07-17', 'Manual attendance', '2025-08-10 14:15:58', '2025-08-10 14:15:58'),
(485, 35, 1, 1, NULL, NULL, '2025-07-18 07:53:00', '2025-07-18 16:56:00', 9.05, '2025-07-18', 'Auto checkout', '2025-08-10 14:15:58', '2025-08-10 14:15:58'),
(487, 35, 2, 1, NULL, NULL, '2025-07-22 08:01:00', '2025-07-22 17:32:00', 9.52, '2025-07-22', 'Manual attendance', '2025-08-10 14:15:58', '2025-08-10 14:15:58'),
(488, 35, 3, 1, NULL, NULL, '2025-07-23 08:00:00', '2025-07-23 17:01:00', 9.02, '2025-07-23', 'Auto checkout', '2025-08-10 14:15:58', '2025-08-10 14:15:58'),
(489, 35, 1, 1, NULL, NULL, '2025-07-24 08:07:00', '2025-07-24 17:03:00', 8.93, '2025-07-24', 'Auto checkout', '2025-08-10 14:15:58', '2025-08-10 14:15:58'),
(490, 35, 1, 1, NULL, NULL, '2025-07-25 08:11:00', '2025-07-25 16:50:00', 8.65, '2025-07-25', 'Manual attendance', '2025-08-10 14:15:58', '2025-08-10 14:15:58'),
(492, 35, 1, 3, NULL, NULL, '2025-07-28 00:00:00', NULL, 0.00, '2025-07-28', 'Absent', '2025-08-10 14:15:58', '2025-08-10 14:15:58'),
(493, 35, 2, 1, NULL, NULL, '2025-07-29 07:47:00', '2025-07-29 17:08:00', 9.35, '2025-07-29', 'Manual attendance', '2025-08-10 14:15:58', '2025-08-10 14:15:58'),
(494, 35, 1, 1, NULL, NULL, '2025-07-30 07:48:00', '2025-07-30 16:02:00', 8.23, '2025-07-30', 'Manual attendance', '2025-08-10 14:15:58', '2025-08-10 14:15:58'),
(495, 35, 1, 1, NULL, NULL, '2025-07-31 07:55:00', '2025-07-31 16:56:00', 9.02, '2025-07-31', 'Auto checkout', '2025-08-10 14:15:58', '2025-08-10 14:15:58'),
(496, 35, 2, 1, NULL, NULL, '2025-08-01 08:12:00', '2025-08-01 16:12:00', 8.00, '2025-08-01', 'Manual attendance', '2025-08-10 14:15:58', '2025-08-10 14:15:58'),
(498, 35, 1, 1, NULL, NULL, '2025-08-05 08:05:00', '2025-08-05 16:58:00', 8.88, '2025-08-05', 'Auto checkout', '2025-08-10 14:15:58', '2025-08-10 14:15:58'),
(499, 35, 1, 3, NULL, NULL, '2025-08-06 00:00:00', NULL, 0.00, '2025-08-06', 'Absent', '2025-08-10 14:15:58', '2025-08-10 14:15:58'),
(500, 35, 2, 1, NULL, NULL, '2025-08-07 07:52:00', '2025-08-07 17:00:00', 9.13, '2025-08-07', 'Auto checkout', '2025-08-10 14:15:58', '2025-08-10 14:15:58'),
(501, 36, 1, 1, NULL, NULL, '2025-07-01 08:05:00', '2025-07-01 16:40:00', 8.58, '2025-07-01', 'Manual attendance', '2025-08-10 14:15:58', '2025-08-10 14:15:58'),
(502, 36, 1, 1, NULL, NULL, '2025-07-02 07:55:00', '2025-07-02 16:31:00', 8.60, '2025-07-02', 'Manual attendance', '2025-08-10 14:15:58', '2025-08-10 14:15:58'),
(503, 36, 1, 2, NULL, NULL, '2025-07-03 08:27:00', '2025-07-03 16:58:00', 8.52, '2025-07-03', 'Auto checkout', '2025-08-10 14:15:58', '2025-08-10 14:15:58'),
(504, 36, 3, 2, NULL, NULL, '2025-07-04 08:19:00', '2025-07-04 17:25:00', 9.10, '2025-07-04', 'Manual attendance', '2025-08-10 14:15:58', '2025-08-10 14:15:58'),
(506, 36, 2, 2, NULL, NULL, '2025-07-08 08:12:00', '2025-07-08 16:59:00', 8.78, '2025-07-08', 'Manual attendance', '2025-08-10 14:15:58', '2025-08-10 14:15:58'),
(507, 36, 1, 1, NULL, NULL, '2025-07-09 08:05:00', '2025-07-09 17:57:00', 9.87, '2025-07-09', 'Manual attendance', '2025-08-10 14:15:58', '2025-08-10 14:15:58'),
(508, 36, 1, 1, NULL, NULL, '2025-07-10 07:58:00', '2025-07-10 16:37:00', 8.65, '2025-07-10', 'Manual attendance', '2025-08-10 14:15:58', '2025-08-10 14:15:58'),
(509, 36, 2, 1, NULL, NULL, '2025-07-11 07:49:00', '2025-07-11 16:03:00', 8.23, '2025-07-11', 'Manual attendance', '2025-08-10 14:15:58', '2025-08-10 14:15:58'),
(510, 36, 3, 3, NULL, NULL, '2025-07-12 08:21:00', '2025-07-12 16:47:00', 8.43, '2025-07-12', 'Weekend off', '2025-08-10 14:15:58', '2025-08-10 14:15:58'),
(511, 36, 3, 1, NULL, NULL, '2025-07-15 08:07:00', '2025-07-15 17:45:00', 9.63, '2025-07-15', 'Manual attendance', '2025-08-10 14:15:58', '2025-08-10 14:15:58'),
(512, 36, 1, 1, NULL, NULL, '2025-07-16 07:59:00', '2025-07-16 16:34:00', 8.58, '2025-07-16', 'Manual attendance', '2025-08-10 14:15:58', '2025-08-10 14:15:58'),
(513, 36, 1, 2, NULL, NULL, '2025-07-17 08:24:00', '2025-07-17 17:23:00', 8.98, '2025-07-17', 'Manual attendance', '2025-08-10 14:15:58', '2025-08-10 14:15:58'),
(514, 36, 1, 2, NULL, NULL, '2025-07-18 08:24:00', '2025-07-18 16:59:00', 8.58, '2025-07-18', 'Auto checkout', '2025-08-10 14:15:58', '2025-08-10 14:15:58'),
(516, 36, 3, 1, NULL, NULL, '2025-07-22 07:59:00', '2025-07-22 16:58:00', 8.98, '2025-07-22', 'Auto checkout', '2025-08-10 14:15:58', '2025-08-10 14:15:58'),
(517, 36, 1, 3, NULL, NULL, '2025-07-23 00:00:00', NULL, 0.00, '2025-07-23', 'Absent', '2025-08-10 14:15:58', '2025-08-10 14:15:58'),
(518, 36, 1, 1, NULL, NULL, '2025-07-24 07:45:00', '2025-07-24 16:19:00', 8.57, '2025-07-24', 'Manual attendance', '2025-08-10 14:15:58', '2025-08-10 14:15:58'),
(519, 36, 1, 1, NULL, NULL, '2025-07-25 08:07:00', '2025-07-25 17:23:00', 9.27, '2025-07-25', 'Manual attendance', '2025-08-10 14:15:58', '2025-08-10 14:15:58'),
(520, 36, 3, 1, NULL, NULL, '2025-07-26 08:08:00', '2025-07-26 16:20:00', 8.20, '2025-07-26', 'Manual attendance', '2025-08-10 14:15:58', '2025-08-10 14:15:58'),
(521, 36, 1, 1, NULL, NULL, '2025-07-29 08:01:00', '2025-07-29 17:00:00', 8.98, '2025-07-29', 'Auto checkout', '2025-08-10 14:15:58', '2025-08-10 14:15:58'),
(522, 36, 1, 1, NULL, NULL, '2025-07-30 08:06:00', '2025-07-30 17:05:00', 8.98, '2025-07-30', 'Manual attendance', '2025-08-10 14:15:58', '2025-08-10 14:15:58'),
(523, 36, 3, 1, NULL, NULL, '2025-07-31 08:03:00', '2025-07-31 17:15:00', 9.20, '2025-07-31', 'Manual attendance', '2025-08-10 14:15:58', '2025-08-10 14:15:58'),
(524, 36, 1, 1, NULL, NULL, '2025-08-01 08:06:00', '2025-08-01 17:25:00', 9.32, '2025-08-01', 'Manual attendance', '2025-08-10 14:15:58', '2025-08-10 14:15:58'),
(526, 36, 1, 1, NULL, NULL, '2025-08-05 07:51:00', '2025-08-05 17:30:00', 9.65, '2025-08-05', 'Manual attendance', '2025-08-10 14:15:58', '2025-08-10 14:15:58'),
(527, 36, 1, 1, NULL, NULL, '2025-08-06 08:02:00', '2025-08-06 16:56:00', 8.90, '2025-08-06', 'Auto checkout', '2025-08-10 14:15:58', '2025-08-10 14:15:58'),
(528, 36, 1, 3, NULL, NULL, '2025-08-07 00:00:00', NULL, 0.00, '2025-08-07', 'Absent', '2025-08-10 14:15:58', '2025-08-10 14:15:58'),
(529, 37, 1, 3, NULL, NULL, '2025-07-01 00:00:00', NULL, 0.00, '2025-07-01', 'Absent', '2025-08-10 14:15:58', '2025-08-10 14:15:58'),
(530, 37, 1, 1, NULL, NULL, '2025-07-02 08:04:00', '2025-07-02 17:49:00', 9.75, '2025-07-02', 'Manual attendance', '2025-08-10 14:15:58', '2025-08-10 14:15:58'),
(531, 37, 1, 1, NULL, NULL, '2025-07-03 07:51:00', '2025-07-03 16:44:00', 8.88, '2025-07-03', 'Manual attendance', '2025-08-10 14:15:58', '2025-08-10 14:15:58'),
(532, 37, 1, 1, NULL, NULL, '2025-07-04 07:46:00', '2025-07-04 16:19:00', 8.55, '2025-07-04', 'Manual attendance', '2025-08-10 14:15:58', '2025-08-10 14:15:58'),
(534, 37, 3, 1, NULL, NULL, '2025-07-08 08:05:00', '2025-07-08 17:26:00', 9.35, '2025-07-08', 'Manual attendance', '2025-08-10 14:15:58', '2025-08-10 14:15:58'),
(535, 37, 3, 1, NULL, NULL, '2025-07-09 08:03:00', '2025-07-09 17:58:00', 9.92, '2025-07-09', 'Manual attendance', '2025-08-10 14:15:58', '2025-08-10 14:15:58'),
(536, 37, 2, 2, NULL, NULL, '2025-07-10 08:05:00', '2025-07-10 16:59:00', 8.90, '2025-07-10', 'Auto checkout', '2025-08-10 14:15:58', '2025-08-10 14:15:58'),
(537, 37, 2, 1, NULL, NULL, '2025-07-11 08:05:00', '2025-07-11 16:22:00', 8.28, '2025-07-11', 'Manual attendance', '2025-08-10 14:15:58', '2025-08-10 14:15:58');
INSERT INTO `attendance` (`id_attendance`, `user_id`, `category_id`, `status_id`, `location_id`, `booking_id`, `time_in`, `time_out`, `work_hour`, `attendance_date`, `notes`, `created_at`, `updated_at`) VALUES
(539, 37, 1, 1, NULL, NULL, '2025-07-15 07:54:00', '2025-07-15 17:32:00', 9.63, '2025-07-15', 'Manual attendance', '2025-08-10 14:15:58', '2025-08-10 14:15:58'),
(540, 37, 2, 1, NULL, NULL, '2025-07-16 07:49:00', '2025-07-16 16:01:00', 8.20, '2025-07-16', 'Manual attendance', '2025-08-10 14:15:58', '2025-08-10 14:15:58'),
(541, 37, 2, 1, NULL, NULL, '2025-07-17 07:52:00', '2025-07-17 17:04:00', 9.20, '2025-07-17', 'Manual attendance', '2025-08-10 14:15:58', '2025-08-10 14:15:58'),
(542, 37, 1, 1, NULL, NULL, '2025-07-18 08:09:00', '2025-07-18 17:10:00', 9.02, '2025-07-18', 'Manual attendance', '2025-08-10 14:15:58', '2025-08-10 14:15:58'),
(544, 37, 2, 1, NULL, NULL, '2025-07-21 07:46:00', '2025-07-21 16:46:00', 9.00, '2025-07-21', 'Manual attendance', '2025-08-10 14:15:58', '2025-08-10 14:15:58'),
(545, 37, 3, 1, NULL, NULL, '2025-07-22 08:09:00', '2025-07-22 17:03:00', 8.90, '2025-07-22', 'Auto checkout', '2025-08-10 14:15:58', '2025-08-10 14:15:58'),
(546, 37, 2, 1, NULL, NULL, '2025-07-23 08:12:00', '2025-07-23 16:59:00', 8.78, '2025-07-23', 'Auto checkout', '2025-08-10 14:15:58', '2025-08-10 14:15:58'),
(547, 37, 3, 1, NULL, NULL, '2025-07-24 08:14:00', '2025-07-24 17:04:00', 8.83, '2025-07-24', 'Auto checkout', '2025-08-10 14:15:58', '2025-08-10 14:15:58'),
(548, 37, 2, 1, NULL, NULL, '2025-07-25 07:50:00', '2025-07-25 16:23:00', 8.55, '2025-07-25', 'Manual attendance', '2025-08-10 14:15:58', '2025-08-10 14:15:58'),
(549, 37, 3, 3, NULL, NULL, '2025-07-26 07:50:00', '2025-07-26 16:46:00', 8.93, '2025-07-26', 'Weekend off', '2025-08-10 14:15:58', '2025-08-10 14:15:58'),
(550, 37, 3, 1, NULL, NULL, '2025-07-27 07:57:00', '2025-07-27 17:02:00', 9.08, '2025-07-27', 'Auto checkout', '2025-08-10 14:15:58', '2025-08-10 14:15:58'),
(551, 37, 1, 3, NULL, NULL, '2025-07-29 00:00:00', NULL, 0.00, '2025-07-29', 'Absent', '2025-08-10 14:15:58', '2025-08-10 14:15:58'),
(552, 37, 3, 1, NULL, NULL, '2025-07-30 07:50:00', '2025-07-30 16:21:00', 8.52, '2025-07-30', 'Manual attendance', '2025-08-10 14:15:58', '2025-08-10 14:15:58'),
(553, 37, 3, 1, NULL, NULL, '2025-07-31 07:54:00', '2025-07-31 17:34:00', 9.67, '2025-07-31', 'Manual attendance', '2025-08-10 14:15:58', '2025-08-10 14:15:58'),
(554, 37, 3, 1, NULL, NULL, '2025-08-01 07:47:00', '2025-08-01 16:04:00', 8.28, '2025-08-01', 'Manual attendance', '2025-08-10 14:15:58', '2025-08-10 14:15:58'),
(556, 37, 1, 1, NULL, NULL, '2025-08-04 08:00:00', '2025-08-04 17:18:00', 9.30, '2025-08-04', 'Manual attendance', '2025-08-10 14:15:58', '2025-08-10 14:15:58'),
(557, 37, 3, 1, NULL, NULL, '2025-08-05 08:07:00', '2025-08-05 16:28:00', 8.35, '2025-08-05', 'Manual attendance', '2025-08-10 14:15:58', '2025-08-10 14:15:58'),
(558, 37, 2, 1, NULL, NULL, '2025-08-06 07:49:00', '2025-08-06 16:26:00', 8.62, '2025-08-06', 'Manual attendance', '2025-08-10 14:15:58', '2025-08-10 14:15:58'),
(559, 37, 2, 2, NULL, NULL, '2025-08-07 08:23:00', '2025-08-07 16:34:00', 8.18, '2025-08-07', 'Manual attendance', '2025-08-10 14:15:58', '2025-08-10 14:15:58'),
(560, 38, 1, 1, NULL, NULL, '2025-07-01 08:09:00', '2025-07-01 16:29:00', 8.33, '2025-07-01', 'Manual attendance', '2025-08-10 14:15:58', '2025-08-10 14:15:58'),
(561, 38, 1, 1, NULL, NULL, '2025-07-02 07:55:00', '2025-07-02 17:02:00', 9.12, '2025-07-02', 'Auto checkout', '2025-08-10 14:15:58', '2025-08-10 14:15:58'),
(562, 38, 2, 1, NULL, NULL, '2025-07-03 07:45:00', '2025-07-03 17:39:00', 9.90, '2025-07-03', 'Manual attendance', '2025-08-10 14:15:58', '2025-08-10 14:15:58'),
(563, 38, 1, 1, NULL, NULL, '2025-07-04 08:08:00', '2025-07-04 17:01:00', 8.88, '2025-07-04', 'Auto checkout', '2025-08-10 14:15:58', '2025-08-10 14:15:58'),
(565, 38, 1, 1, NULL, NULL, '2025-07-08 08:03:00', '2025-07-08 16:56:00', 8.88, '2025-07-08', 'Auto checkout', '2025-08-10 14:15:58', '2025-08-10 14:15:58'),
(566, 38, 3, 2, NULL, NULL, '2025-07-09 08:07:00', '2025-07-09 16:59:00', 8.87, '2025-07-09', 'Auto checkout', '2025-08-10 14:15:58', '2025-08-10 14:15:58'),
(567, 38, 1, 1, NULL, NULL, '2025-07-10 07:52:00', '2025-07-10 16:14:00', 8.37, '2025-07-10', 'Manual attendance', '2025-08-10 14:15:58', '2025-08-10 14:15:58'),
(568, 38, 3, 1, NULL, NULL, '2025-07-11 08:10:00', '2025-07-11 17:05:00', 8.92, '2025-07-11', 'Manual attendance', '2025-08-10 14:15:58', '2025-08-10 14:15:58'),
(570, 38, 1, 1, NULL, NULL, '2025-07-15 07:53:00', '2025-07-15 17:35:00', 9.70, '2025-07-15', 'Manual attendance', '2025-08-10 14:15:58', '2025-08-10 14:15:58'),
(571, 38, 2, 1, NULL, NULL, '2025-07-16 07:45:00', '2025-07-16 16:03:00', 8.30, '2025-07-16', 'Manual attendance', '2025-08-10 14:15:58', '2025-08-10 14:15:58'),
(572, 38, 1, 3, NULL, NULL, '2025-07-17 00:00:00', NULL, 0.00, '2025-07-17', 'Absent', '2025-08-10 14:15:58', '2025-08-10 14:15:58'),
(573, 38, 2, 1, NULL, NULL, '2025-07-18 07:58:00', '2025-07-18 16:26:00', 8.47, '2025-07-18', 'Manual attendance', '2025-08-10 14:15:58', '2025-08-10 14:15:58'),
(574, 38, 3, 1, NULL, NULL, '2025-07-19 08:05:00', '2025-07-19 16:31:00', 8.43, '2025-07-19', 'Manual attendance', '2025-08-10 14:15:58', '2025-08-10 14:15:58'),
(575, 38, 3, 1, NULL, NULL, '2025-07-22 08:05:00', '2025-07-22 16:05:00', 8.00, '2025-07-22', 'Manual attendance', '2025-08-10 14:15:58', '2025-08-10 14:15:58'),
(576, 38, 3, 1, NULL, NULL, '2025-07-23 07:54:00', '2025-07-23 17:49:00', 9.92, '2025-07-23', 'Manual attendance', '2025-08-10 14:15:58', '2025-08-10 14:15:58'),
(577, 38, 3, 1, NULL, NULL, '2025-07-24 08:09:00', '2025-07-24 16:46:00', 8.62, '2025-07-24', 'Manual attendance', '2025-08-10 14:15:58', '2025-08-10 14:15:58'),
(578, 38, 1, 1, NULL, NULL, '2025-07-25 07:51:00', '2025-07-25 16:28:00', 8.62, '2025-07-25', 'Manual attendance', '2025-08-10 14:15:58', '2025-08-10 14:15:58'),
(580, 38, 1, 1, NULL, NULL, '2025-07-29 07:56:00', '2025-07-29 17:02:00', 9.10, '2025-07-29', 'Auto checkout', '2025-08-10 14:15:58', '2025-08-10 14:15:58'),
(581, 38, 1, 1, NULL, NULL, '2025-07-30 08:01:00', '2025-07-30 16:58:00', 8.95, '2025-07-30', 'Auto checkout', '2025-08-10 14:15:58', '2025-08-10 14:15:58'),
(582, 38, 2, 1, NULL, NULL, '2025-07-31 08:13:00', '2025-07-31 16:56:00', 8.72, '2025-07-31', 'Auto checkout', '2025-08-10 14:15:58', '2025-08-10 14:15:58'),
(583, 38, 3, 1, NULL, NULL, '2025-08-01 07:57:00', '2025-08-01 17:50:00', 9.88, '2025-08-01', 'Manual attendance', '2025-08-10 14:15:58', '2025-08-10 14:15:58'),
(585, 38, 2, 1, NULL, NULL, '2025-08-05 08:11:00', '2025-08-05 17:01:00', 8.83, '2025-08-05', 'Auto checkout', '2025-08-10 14:15:58', '2025-08-10 14:15:58'),
(586, 38, 2, 1, NULL, NULL, '2025-08-06 07:48:00', '2025-08-06 16:54:00', 9.10, '2025-08-06', 'Manual attendance', '2025-08-10 14:15:58', '2025-08-10 14:15:58'),
(587, 38, 1, 2, NULL, NULL, '2025-08-07 08:16:00', '2025-08-07 16:56:00', 8.67, '2025-08-07', 'Auto checkout', '2025-08-10 14:15:58', '2025-08-10 14:15:58'),
(588, 39, 1, 1, NULL, NULL, '2025-07-01 07:46:00', '2025-07-01 17:20:00', 9.57, '2025-07-01', 'Manual attendance', '2025-08-10 14:15:58', '2025-08-10 14:15:58'),
(589, 39, 1, 1, NULL, NULL, '2025-07-02 08:12:00', '2025-07-02 16:56:00', 8.73, '2025-07-02', 'Auto checkout', '2025-08-10 14:15:58', '2025-08-10 14:15:58'),
(590, 39, 3, 1, NULL, NULL, '2025-07-03 08:02:00', '2025-07-03 17:32:00', 9.50, '2025-07-03', 'Manual attendance', '2025-08-10 14:15:58', '2025-08-10 14:15:58'),
(591, 39, 1, 1, NULL, NULL, '2025-07-04 07:46:00', '2025-07-04 16:55:00', 9.15, '2025-07-04', 'Auto checkout', '2025-08-10 14:15:58', '2025-08-10 14:15:58'),
(593, 39, 2, 1, NULL, NULL, '2025-07-08 07:47:00', '2025-07-08 17:39:00', 9.87, '2025-07-08', 'Manual attendance', '2025-08-10 14:15:58', '2025-08-10 14:15:58'),
(594, 39, 2, 1, NULL, NULL, '2025-07-09 08:05:00', '2025-07-09 16:57:00', 8.87, '2025-07-09', 'Auto checkout', '2025-08-10 14:15:58', '2025-08-10 14:15:58'),
(595, 39, 3, 1, NULL, NULL, '2025-07-10 07:58:00', '2025-07-10 16:59:00', 9.02, '2025-07-10', 'Manual attendance', '2025-08-10 14:15:58', '2025-08-10 14:15:58'),
(596, 39, 1, 1, NULL, NULL, '2025-07-11 07:54:00', '2025-07-11 16:01:00', 8.12, '2025-07-11', 'Manual attendance', '2025-08-10 14:15:58', '2025-08-10 14:15:58'),
(597, 39, 3, 3, NULL, NULL, '2025-07-12 08:29:00', '2025-07-12 17:02:00', 8.55, '2025-07-12', 'Weekend off', '2025-08-10 14:15:58', '2025-08-10 14:15:58'),
(598, 39, 3, 1, NULL, NULL, '2025-07-15 08:13:00', '2025-07-15 16:56:00', 8.72, '2025-07-15', 'Auto checkout', '2025-08-10 14:15:58', '2025-08-10 14:15:58'),
(599, 39, 3, 2, NULL, NULL, '2025-07-16 08:05:00', '2025-07-16 17:00:00', 8.92, '2025-07-16', 'Auto checkout', '2025-08-10 14:15:58', '2025-08-10 14:15:58'),
(600, 39, 1, 3, NULL, NULL, '2025-07-17 00:00:00', NULL, 0.00, '2025-07-17', 'Absent', '2025-08-10 14:15:58', '2025-08-10 14:15:58'),
(601, 39, 1, 1, NULL, NULL, '2025-07-18 08:12:00', '2025-07-18 16:23:00', 8.18, '2025-07-18', 'Manual attendance', '2025-08-10 14:15:58', '2025-08-10 14:15:58'),
(602, 39, 3, 1, NULL, NULL, '2025-07-19 07:50:00', '2025-07-19 17:02:00', 9.20, '2025-07-19', 'Auto checkout', '2025-08-10 14:15:58', '2025-08-10 14:15:58'),
(603, 39, 1, 1, NULL, NULL, '2025-07-22 08:03:00', '2025-07-22 16:58:00', 8.92, '2025-07-22', 'Auto checkout', '2025-08-10 14:15:58', '2025-08-10 14:15:58'),
(604, 39, 1, 2, NULL, NULL, '2025-07-23 08:23:00', '2025-07-23 17:09:00', 8.77, '2025-07-23', 'Manual attendance', '2025-08-10 14:15:58', '2025-08-10 14:15:58'),
(605, 39, 1, 1, NULL, NULL, '2025-07-24 07:55:00', '2025-07-24 17:03:00', 9.13, '2025-07-24', 'Manual attendance', '2025-08-10 14:15:58', '2025-08-10 14:15:58'),
(606, 39, 3, 1, NULL, NULL, '2025-07-25 08:03:00', '2025-07-25 17:50:00', 9.78, '2025-07-25', 'Manual attendance', '2025-08-10 14:15:58', '2025-08-10 14:15:58'),
(608, 39, 1, 1, NULL, NULL, '2025-07-29 08:04:00', '2025-07-29 17:46:00', 9.70, '2025-07-29', 'Manual attendance', '2025-08-10 14:15:58', '2025-08-10 14:15:58'),
(609, 39, 1, 1, NULL, NULL, '2025-07-30 07:49:00', '2025-07-30 17:02:00', 9.22, '2025-07-30', 'Auto checkout', '2025-08-10 14:15:58', '2025-08-10 14:15:58'),
(610, 39, 1, 1, NULL, NULL, '2025-07-31 07:49:00', '2025-07-31 17:16:00', 9.45, '2025-07-31', 'Manual attendance', '2025-08-10 14:15:58', '2025-08-10 14:15:58'),
(611, 39, 1, 1, NULL, NULL, '2025-08-01 07:51:00', '2025-08-01 17:00:00', 9.15, '2025-08-01', 'Auto checkout', '2025-08-10 14:15:58', '2025-08-10 14:15:58'),
(613, 39, 1, 1, NULL, NULL, '2025-08-05 07:50:00', '2025-08-05 16:48:00', 8.97, '2025-08-05', 'Manual attendance', '2025-08-10 14:15:58', '2025-08-10 14:15:58'),
(614, 39, 2, 1, NULL, NULL, '2025-08-06 08:01:00', '2025-08-06 17:38:00', 9.62, '2025-08-06', 'Manual attendance', '2025-08-10 14:15:58', '2025-08-10 14:15:58'),
(615, 39, 1, 1, NULL, NULL, '2025-08-07 08:05:00', '2025-08-07 16:54:00', 8.82, '2025-08-07', 'Manual attendance', '2025-08-10 14:15:58', '2025-08-10 14:15:58'),
(616, 40, 1, 1, NULL, NULL, '2025-07-01 07:48:00', '2025-07-01 16:11:00', 8.38, '2025-07-01', 'Manual attendance', '2025-08-10 14:15:58', '2025-08-10 14:15:58'),
(617, 40, 1, 1, NULL, NULL, '2025-07-02 07:58:00', '2025-07-02 17:00:00', 9.03, '2025-07-02', 'Auto checkout', '2025-08-10 14:15:58', '2025-08-10 14:15:58'),
(618, 40, 3, 1, NULL, NULL, '2025-07-03 08:12:00', '2025-07-03 16:59:00', 8.78, '2025-07-03', 'Auto checkout', '2025-08-10 14:15:58', '2025-08-10 14:15:58'),
(619, 40, 2, 1, NULL, NULL, '2025-07-04 07:45:00', '2025-07-04 16:45:00', 9.00, '2025-07-04', 'Manual attendance', '2025-08-10 14:15:58', '2025-08-10 14:15:58'),
(621, 40, 1, 1, NULL, NULL, '2025-07-08 08:00:00', '2025-07-08 16:56:00', 8.93, '2025-07-08', 'Auto checkout', '2025-08-10 14:15:58', '2025-08-10 14:15:58'),
(622, 40, 2, 1, NULL, NULL, '2025-07-09 07:46:00', '2025-07-09 17:24:00', 9.63, '2025-07-09', 'Manual attendance', '2025-08-10 14:15:58', '2025-08-10 14:15:58'),
(623, 40, 1, 1, NULL, NULL, '2025-07-10 08:08:00', '2025-07-10 16:55:00', 8.78, '2025-07-10', 'Auto checkout', '2025-08-10 14:15:58', '2025-08-10 14:15:58'),
(624, 40, 1, 1, NULL, NULL, '2025-07-11 08:10:00', '2025-07-11 17:00:00', 8.83, '2025-07-11', 'Manual attendance', '2025-08-10 14:15:58', '2025-08-10 14:15:58'),
(626, 40, 1, 1, NULL, NULL, '2025-07-15 08:05:00', '2025-07-15 16:17:00', 8.20, '2025-07-15', 'Manual attendance', '2025-08-10 14:15:59', '2025-08-10 14:15:59'),
(627, 40, 3, 1, NULL, NULL, '2025-07-16 08:08:00', '2025-07-16 17:03:00', 8.92, '2025-07-16', 'Auto checkout', '2025-08-10 14:15:59', '2025-08-10 14:15:59'),
(628, 40, 1, 1, NULL, NULL, '2025-07-17 08:11:00', '2025-07-17 17:04:00', 8.88, '2025-07-17', 'Auto checkout', '2025-08-10 14:15:59', '2025-08-10 14:15:59'),
(629, 40, 2, 1, NULL, NULL, '2025-07-18 08:01:00', '2025-07-18 16:58:00', 8.95, '2025-07-18', 'Auto checkout', '2025-08-10 14:15:59', '2025-08-10 14:15:59'),
(631, 40, 1, 1, NULL, NULL, '2025-07-22 07:50:00', '2025-07-22 17:43:00', 9.88, '2025-07-22', 'Manual attendance', '2025-08-10 14:15:59', '2025-08-10 14:15:59'),
(632, 40, 1, 1, NULL, NULL, '2025-07-23 08:08:00', '2025-07-23 17:04:00', 8.93, '2025-07-23', 'Auto checkout', '2025-08-10 14:15:59', '2025-08-10 14:15:59'),
(633, 40, 1, 1, NULL, NULL, '2025-07-24 08:06:00', '2025-07-24 16:20:00', 8.23, '2025-07-24', 'Manual attendance', '2025-08-10 14:15:59', '2025-08-10 14:15:59'),
(634, 40, 3, 1, NULL, NULL, '2025-07-25 07:50:00', '2025-07-25 16:26:00', 8.60, '2025-07-25', 'Manual attendance', '2025-08-10 14:15:59', '2025-08-10 14:15:59'),
(636, 40, 1, 1, NULL, NULL, '2025-07-29 08:00:00', '2025-07-29 16:10:00', 8.17, '2025-07-29', 'Manual attendance', '2025-08-10 14:15:59', '2025-08-10 14:15:59'),
(637, 40, 3, 1, NULL, NULL, '2025-07-30 08:08:00', '2025-07-30 16:14:00', 8.10, '2025-07-30', 'Manual attendance', '2025-08-10 14:15:59', '2025-08-10 14:15:59'),
(638, 40, 1, 1, NULL, NULL, '2025-07-31 08:04:00', '2025-07-31 16:39:00', 8.58, '2025-07-31', 'Manual attendance', '2025-08-10 14:15:59', '2025-08-10 14:15:59'),
(639, 40, 1, 1, NULL, NULL, '2025-08-01 08:01:00', '2025-08-01 17:31:00', 9.50, '2025-08-01', 'Manual attendance', '2025-08-10 14:15:59', '2025-08-10 14:15:59'),
(641, 40, 3, 1, NULL, NULL, '2025-08-05 08:01:00', '2025-08-05 17:20:00', 9.32, '2025-08-05', 'Manual attendance', '2025-08-10 14:15:59', '2025-08-10 14:15:59'),
(642, 40, 1, 1, NULL, NULL, '2025-08-06 08:07:00', '2025-08-06 17:03:00', 8.93, '2025-08-06', 'Auto checkout', '2025-08-10 14:15:59', '2025-08-10 14:15:59'),
(643, 40, 1, 1, NULL, NULL, '2025-08-07 08:01:00', '2025-08-07 16:52:00', 8.85, '2025-08-07', 'Manual attendance', '2025-08-10 14:15:59', '2025-08-10 14:15:59'),
(644, 41, 1, 2, NULL, NULL, '2025-07-01 08:14:00', '2025-07-01 16:29:00', 8.25, '2025-07-01', 'Manual attendance', '2025-08-10 14:15:59', '2025-08-10 14:15:59'),
(645, 41, 3, 1, NULL, NULL, '2025-07-02 07:49:00', '2025-07-02 16:48:00', 8.98, '2025-07-02', 'Manual attendance', '2025-08-10 14:15:59', '2025-08-10 14:15:59'),
(646, 41, 1, 1, NULL, NULL, '2025-07-03 07:48:00', '2025-07-03 16:21:00', 8.55, '2025-07-03', 'Manual attendance', '2025-08-10 14:15:59', '2025-08-10 14:15:59'),
(647, 41, 1, 1, NULL, NULL, '2025-07-04 08:09:00', '2025-07-04 16:13:00', 8.07, '2025-07-04', 'Manual attendance', '2025-08-10 14:15:59', '2025-08-10 14:15:59'),
(649, 41, 3, 1, NULL, NULL, '2025-07-08 08:04:00', '2025-07-08 16:23:00', 8.32, '2025-07-08', 'Manual attendance', '2025-08-10 14:15:59', '2025-08-10 14:15:59'),
(650, 41, 1, 1, NULL, NULL, '2025-07-09 07:52:00', '2025-07-09 16:06:00', 8.23, '2025-07-09', 'Manual attendance', '2025-08-10 14:15:59', '2025-08-10 14:15:59'),
(651, 41, 2, 1, NULL, NULL, '2025-07-10 07:57:00', '2025-07-10 16:57:00', 9.00, '2025-07-10', 'Manual attendance', '2025-08-10 14:15:59', '2025-08-10 14:15:59'),
(652, 41, 2, 1, NULL, NULL, '2025-07-11 08:09:00', '2025-07-11 16:25:00', 8.27, '2025-07-11', 'Manual attendance', '2025-08-10 14:15:59', '2025-08-10 14:15:59'),
(654, 41, 1, 1, NULL, NULL, '2025-07-15 08:00:00', '2025-07-15 17:02:00', 9.03, '2025-07-15', 'Auto checkout', '2025-08-10 14:15:59', '2025-08-10 14:15:59'),
(655, 41, 1, 1, NULL, NULL, '2025-07-16 07:58:00', '2025-07-16 17:01:00', 9.05, '2025-07-16', 'Auto checkout', '2025-08-10 14:15:59', '2025-08-10 14:15:59'),
(656, 41, 2, 1, NULL, NULL, '2025-07-17 07:50:00', '2025-07-17 16:56:00', 9.10, '2025-07-17', 'Auto checkout', '2025-08-10 14:15:59', '2025-08-10 14:15:59'),
(657, 41, 1, 1, NULL, NULL, '2025-07-18 08:08:00', '2025-07-18 17:01:00', 8.88, '2025-07-18', 'Auto checkout', '2025-08-10 14:15:59', '2025-08-10 14:15:59'),
(659, 41, 2, 2, NULL, NULL, '2025-07-22 08:19:00', '2025-07-22 17:02:00', 8.72, '2025-07-22', 'Auto checkout', '2025-08-10 14:15:59', '2025-08-10 14:15:59'),
(660, 41, 1, 1, NULL, NULL, '2025-07-23 07:59:00', '2025-07-23 16:02:00', 8.05, '2025-07-23', 'Manual attendance', '2025-08-10 14:15:59', '2025-08-10 14:15:59'),
(661, 41, 1, 1, NULL, NULL, '2025-07-24 07:48:00', '2025-07-24 17:29:00', 9.68, '2025-07-24', 'Manual attendance', '2025-08-10 14:15:59', '2025-08-10 14:15:59'),
(662, 41, 1, 2, NULL, NULL, '2025-07-25 08:24:00', '2025-07-25 17:58:00', 9.57, '2025-07-25', 'Manual attendance', '2025-08-10 14:15:59', '2025-08-10 14:15:59'),
(665, 41, 1, 1, NULL, NULL, '2025-07-29 07:50:00', '2025-07-29 16:59:00', 9.15, '2025-07-29', 'Auto checkout', '2025-08-10 14:15:59', '2025-08-10 14:15:59'),
(666, 41, 2, 1, NULL, NULL, '2025-07-30 07:48:00', '2025-07-30 16:59:00', 9.18, '2025-07-30', 'Auto checkout', '2025-08-10 14:15:59', '2025-08-10 14:15:59'),
(667, 41, 1, 1, NULL, NULL, '2025-07-31 07:55:00', '2025-07-31 17:12:00', 9.28, '2025-07-31', 'Manual attendance', '2025-08-10 14:15:59', '2025-08-10 14:15:59'),
(668, 41, 3, 1, NULL, NULL, '2025-08-01 07:53:00', '2025-08-01 16:58:00', 9.08, '2025-08-01', 'Auto checkout', '2025-08-10 14:15:59', '2025-08-10 14:15:59'),
(670, 41, 1, 1, NULL, NULL, '2025-08-05 07:55:00', '2025-08-05 17:37:00', 9.70, '2025-08-05', 'Manual attendance', '2025-08-10 14:15:59', '2025-08-10 14:15:59'),
(671, 41, 1, 1, NULL, NULL, '2025-08-06 07:58:00', '2025-08-06 16:33:00', 8.58, '2025-08-06', 'Manual attendance', '2025-08-10 14:15:59', '2025-08-10 14:15:59'),
(672, 41, 1, 3, NULL, NULL, '2025-08-07 00:00:00', NULL, 0.00, '2025-08-07', 'Absent', '2025-08-10 14:15:59', '2025-08-10 14:15:59'),
(673, 42, 2, 1, NULL, NULL, '2025-07-01 07:48:00', '2025-07-01 16:55:00', 9.12, '2025-07-01', 'Auto checkout', '2025-08-10 14:15:59', '2025-08-10 14:15:59'),
(674, 42, 1, 1, NULL, NULL, '2025-07-02 07:51:00', '2025-07-02 17:07:00', 9.27, '2025-07-02', 'Manual attendance', '2025-08-10 14:15:59', '2025-08-10 14:15:59'),
(675, 42, 1, 2, NULL, NULL, '2025-07-03 08:17:00', '2025-07-03 17:08:00', 8.85, '2025-07-03', 'Manual attendance', '2025-08-10 14:15:59', '2025-08-10 14:15:59'),
(676, 42, 1, 1, NULL, NULL, '2025-07-04 08:05:00', '2025-07-04 16:46:00', 8.68, '2025-07-04', 'Manual attendance', '2025-08-10 14:15:59', '2025-08-10 14:15:59'),
(678, 42, 3, 1, NULL, NULL, '2025-07-08 07:58:00', '2025-07-08 17:13:00', 9.25, '2025-07-08', 'Manual attendance', '2025-08-10 14:15:59', '2025-08-10 14:15:59'),
(679, 42, 1, 1, NULL, NULL, '2025-07-09 07:58:00', '2025-07-09 16:52:00', 8.90, '2025-07-09', 'Manual attendance', '2025-08-10 14:15:59', '2025-08-10 14:15:59'),
(680, 42, 1, 1, NULL, NULL, '2025-07-10 07:59:00', '2025-07-10 16:10:00', 8.18, '2025-07-10', 'Manual attendance', '2025-08-10 14:15:59', '2025-08-10 14:15:59'),
(681, 42, 1, 1, NULL, NULL, '2025-07-11 08:12:00', '2025-07-11 17:02:00', 8.83, '2025-07-11', 'Auto checkout', '2025-08-10 14:15:59', '2025-08-10 14:15:59'),
(682, 42, 3, 1, NULL, NULL, '2025-07-12 08:01:00', '2025-07-12 16:32:00', 8.52, '2025-07-12', 'Manual attendance', '2025-08-10 14:15:59', '2025-08-10 14:15:59'),
(683, 42, 3, 1, NULL, NULL, '2025-07-14 08:09:00', '2025-07-14 16:25:00', 8.27, '2025-07-14', 'Manual attendance', '2025-08-10 14:15:59', '2025-08-10 14:15:59'),
(684, 42, 1, 1, NULL, NULL, '2025-07-15 07:58:00', '2025-07-15 16:02:00', 8.07, '2025-07-15', 'Manual attendance', '2025-08-10 14:15:59', '2025-08-10 14:15:59'),
(685, 42, 1, 1, NULL, NULL, '2025-07-16 07:47:00', '2025-07-16 16:16:00', 8.48, '2025-07-16', 'Manual attendance', '2025-08-10 14:15:59', '2025-08-10 14:15:59'),
(686, 42, 1, 1, NULL, NULL, '2025-07-17 08:04:00', '2025-07-17 17:26:00', 9.37, '2025-07-17', 'Manual attendance', '2025-08-10 14:15:59', '2025-08-10 14:15:59'),
(687, 42, 1, 1, NULL, NULL, '2025-07-18 08:05:00', '2025-07-18 16:11:00', 8.10, '2025-07-18', 'Manual attendance', '2025-08-10 14:15:59', '2025-08-10 14:15:59'),
(689, 42, 1, 1, NULL, NULL, '2025-07-21 08:00:00', '2025-07-21 17:58:00', 9.97, '2025-07-21', 'Manual attendance', '2025-08-10 14:15:59', '2025-08-10 14:15:59'),
(690, 42, 1, 1, NULL, NULL, '2025-07-22 08:01:00', '2025-07-22 16:09:00', 8.13, '2025-07-22', 'Manual attendance', '2025-08-10 14:15:59', '2025-08-10 14:15:59'),
(691, 42, 3, 1, NULL, NULL, '2025-07-23 08:06:00', '2025-07-23 16:22:00', 8.27, '2025-07-23', 'Manual attendance', '2025-08-10 14:15:59', '2025-08-10 14:15:59'),
(692, 42, 1, 1, NULL, NULL, '2025-07-24 08:09:00', '2025-07-24 17:03:00', 8.90, '2025-07-24', 'Manual attendance', '2025-08-10 14:15:59', '2025-08-10 14:15:59'),
(693, 42, 1, 1, NULL, NULL, '2025-07-25 08:03:00', '2025-07-25 17:03:00', 9.00, '2025-07-25', 'Auto checkout', '2025-08-10 14:15:59', '2025-08-10 14:15:59'),
(695, 42, 1, 2, NULL, NULL, '2025-07-29 08:15:00', '2025-07-29 17:59:00', 9.73, '2025-07-29', 'Manual attendance', '2025-08-10 14:15:59', '2025-08-10 14:15:59'),
(696, 42, 1, 1, NULL, NULL, '2025-07-30 07:56:00', '2025-07-30 16:57:00', 9.02, '2025-07-30', 'Auto checkout', '2025-08-10 14:15:59', '2025-08-10 14:15:59'),
(697, 42, 3, 1, NULL, NULL, '2025-07-31 07:47:00', '2025-07-31 16:56:00', 9.15, '2025-07-31', 'Auto checkout', '2025-08-10 14:15:59', '2025-08-10 14:15:59'),
(698, 42, 1, 1, NULL, NULL, '2025-08-01 08:14:00', '2025-08-01 17:54:00', 9.67, '2025-08-01', 'Manual attendance', '2025-08-10 14:15:59', '2025-08-10 14:15:59'),
(700, 42, 1, 1, NULL, NULL, '2025-08-05 08:09:00', '2025-08-05 17:03:00', 8.90, '2025-08-05', 'Auto checkout', '2025-08-10 14:15:59', '2025-08-10 14:15:59'),
(701, 42, 1, 1, NULL, NULL, '2025-08-06 08:04:00', '2025-08-06 17:56:00', 9.87, '2025-08-06', 'Manual attendance', '2025-08-10 14:15:59', '2025-08-10 14:15:59'),
(702, 42, 1, 1, NULL, NULL, '2025-08-07 08:00:00', '2025-08-07 17:15:00', 9.25, '2025-08-07', 'Manual attendance', '2025-08-10 14:15:59', '2025-08-10 14:15:59'),
(703, 43, 1, 1, NULL, NULL, '2025-07-01 07:55:00', '2025-07-01 16:44:00', 8.82, '2025-07-01', 'Manual attendance', '2025-08-10 14:15:59', '2025-08-10 14:15:59'),
(704, 43, 3, 1, NULL, NULL, '2025-07-02 08:13:00', '2025-07-02 17:00:00', 8.78, '2025-07-02', 'Manual attendance', '2025-08-10 14:15:59', '2025-08-10 14:15:59'),
(705, 43, 1, 1, NULL, NULL, '2025-07-03 07:55:00', '2025-07-03 17:05:00', 9.17, '2025-07-03', 'Manual attendance', '2025-08-10 14:15:59', '2025-08-10 14:15:59'),
(706, 43, 1, 1, NULL, NULL, '2025-07-04 08:05:00', '2025-07-04 16:07:00', 8.03, '2025-07-04', 'Manual attendance', '2025-08-10 14:15:59', '2025-08-10 14:15:59'),
(708, 43, 1, 1, NULL, NULL, '2025-07-08 07:53:00', '2025-07-08 17:25:00', 9.53, '2025-07-08', 'Manual attendance', '2025-08-10 14:15:59', '2025-08-10 14:15:59'),
(709, 43, 3, 1, NULL, NULL, '2025-07-09 07:52:00', '2025-07-09 17:12:00', 9.33, '2025-07-09', 'Manual attendance', '2025-08-10 14:15:59', '2025-08-10 14:15:59'),
(710, 43, 1, 1, NULL, NULL, '2025-07-10 08:10:00', '2025-07-10 16:09:00', 7.98, '2025-07-10', 'Manual attendance', '2025-08-10 14:15:59', '2025-08-10 14:15:59'),
(711, 43, 1, 1, NULL, NULL, '2025-07-11 08:12:00', '2025-07-11 16:53:00', 8.68, '2025-07-11', 'Manual attendance', '2025-08-10 14:15:59', '2025-08-10 14:15:59'),
(712, 43, 3, 1, NULL, NULL, '2025-07-12 08:00:00', '2025-07-12 17:02:00', 9.03, '2025-07-12', 'Auto checkout', '2025-08-10 14:15:59', '2025-08-10 14:15:59'),
(713, 43, 1, 1, NULL, NULL, '2025-07-15 08:12:00', '2025-07-15 17:02:00', 8.83, '2025-07-15', 'Auto checkout', '2025-08-10 14:15:59', '2025-08-10 14:15:59'),
(714, 43, 1, 1, NULL, NULL, '2025-07-16 07:46:00', '2025-07-16 16:49:00', 9.05, '2025-07-16', 'Manual attendance', '2025-08-10 14:15:59', '2025-08-10 14:15:59'),
(715, 43, 3, 1, NULL, NULL, '2025-07-17 07:56:00', '2025-07-17 16:13:00', 8.28, '2025-07-17', 'Manual attendance', '2025-08-10 14:15:59', '2025-08-10 14:15:59'),
(716, 43, 2, 1, NULL, NULL, '2025-07-18 07:51:00', '2025-07-18 17:13:00', 9.37, '2025-07-18', 'Manual attendance', '2025-08-10 14:15:59', '2025-08-10 14:15:59'),
(718, 43, 1, 1, NULL, NULL, '2025-07-22 07:53:00', '2025-07-22 17:31:00', 9.63, '2025-07-22', 'Manual attendance', '2025-08-10 14:15:59', '2025-08-10 14:15:59'),
(719, 43, 2, 1, NULL, NULL, '2025-07-23 07:45:00', '2025-07-23 16:28:00', 8.72, '2025-07-23', 'Manual attendance', '2025-08-10 14:15:59', '2025-08-10 14:15:59'),
(720, 43, 1, 1, NULL, NULL, '2025-07-24 08:09:00', '2025-07-24 17:58:00', 9.82, '2025-07-24', 'Manual attendance', '2025-08-10 14:15:59', '2025-08-10 14:15:59'),
(721, 43, 1, 1, NULL, NULL, '2025-07-25 07:51:00', '2025-07-25 16:29:00', 8.63, '2025-07-25', 'Manual attendance', '2025-08-10 14:15:59', '2025-08-10 14:15:59'),
(724, 43, 2, 2, NULL, NULL, '2025-07-28 08:03:00', '2025-07-28 16:55:00', 8.87, '2025-07-28', 'Auto checkout', '2025-08-10 14:15:59', '2025-08-10 14:15:59'),
(725, 43, 1, 1, NULL, NULL, '2025-07-29 08:11:00', '2025-07-29 16:00:00', 7.82, '2025-07-29', 'Manual attendance', '2025-08-10 14:15:59', '2025-08-10 14:15:59'),
(726, 43, 1, 1, NULL, NULL, '2025-07-30 07:55:00', '2025-07-30 16:53:00', 8.97, '2025-07-30', 'Manual attendance', '2025-08-10 14:15:59', '2025-08-10 14:15:59'),
(727, 43, 1, 1, NULL, NULL, '2025-07-31 08:10:00', '2025-07-31 16:50:00', 8.67, '2025-07-31', 'Manual attendance', '2025-08-10 14:15:59', '2025-08-10 14:15:59'),
(728, 43, 3, 2, NULL, NULL, '2025-08-01 08:13:00', '2025-08-01 17:02:00', 8.82, '2025-08-01', 'Auto checkout', '2025-08-10 14:15:59', '2025-08-10 14:15:59'),
(730, 43, 1, 2, NULL, NULL, '2025-08-05 08:23:00', '2025-08-05 17:27:00', 9.07, '2025-08-05', 'Manual attendance', '2025-08-10 14:15:59', '2025-08-10 14:15:59'),
(731, 43, 3, 1, NULL, NULL, '2025-08-06 07:59:00', '2025-08-06 16:55:00', 8.93, '2025-08-06', 'Auto checkout', '2025-08-10 14:15:59', '2025-08-10 14:15:59'),
(732, 43, 3, 1, NULL, NULL, '2025-08-07 07:49:00', '2025-08-07 16:50:00', 9.02, '2025-08-07', 'Manual attendance', '2025-08-10 14:15:59', '2025-08-10 14:15:59'),
(733, 44, 1, 1, NULL, NULL, '2025-07-01 07:52:00', '2025-07-01 17:23:00', 9.52, '2025-07-01', 'Manual attendance', '2025-08-10 14:15:59', '2025-08-10 14:15:59'),
(734, 44, 3, 1, NULL, NULL, '2025-07-02 08:10:00', '2025-07-02 16:59:00', 8.82, '2025-07-02', 'Auto checkout', '2025-08-10 14:15:59', '2025-08-10 14:15:59'),
(735, 44, 1, 3, NULL, NULL, '2025-07-03 00:00:00', NULL, 0.00, '2025-07-03', 'Absent', '2025-08-10 14:15:59', '2025-08-10 14:15:59'),
(736, 44, 2, 1, NULL, NULL, '2025-07-04 07:51:00', '2025-07-04 16:50:00', 8.98, '2025-07-04', 'Manual attendance', '2025-08-10 14:15:59', '2025-08-10 14:15:59'),
(738, 44, 1, 1, NULL, NULL, '2025-07-07 07:48:00', '2025-07-07 17:38:00', 9.83, '2025-07-07', 'Manual attendance', '2025-08-10 14:15:59', '2025-08-10 14:15:59'),
(739, 44, 1, 1, NULL, NULL, '2025-07-08 07:56:00', '2025-07-08 16:55:00', 8.98, '2025-07-08', 'Auto checkout', '2025-08-10 14:15:59', '2025-08-10 14:15:59'),
(740, 44, 1, 1, NULL, NULL, '2025-07-09 07:47:00', '2025-07-09 17:10:00', 9.38, '2025-07-09', 'Manual attendance', '2025-08-10 14:15:59', '2025-08-10 14:15:59'),
(741, 44, 1, 1, NULL, NULL, '2025-07-10 08:09:00', '2025-07-10 17:03:00', 8.90, '2025-07-10', 'Auto checkout', '2025-08-10 14:15:59', '2025-08-10 14:15:59'),
(742, 44, 3, 1, NULL, NULL, '2025-07-11 07:50:00', '2025-07-11 17:16:00', 9.43, '2025-07-11', 'Manual attendance', '2025-08-10 14:15:59', '2025-08-10 14:15:59'),
(744, 44, 2, 1, NULL, NULL, '2025-07-15 07:52:00', '2025-07-15 16:49:00', 8.95, '2025-07-15', 'Manual attendance', '2025-08-10 14:15:59', '2025-08-10 14:15:59'),
(745, 44, 1, 1, NULL, NULL, '2025-07-16 07:58:00', '2025-07-16 17:01:00', 9.05, '2025-07-16', 'Auto checkout', '2025-08-10 14:15:59', '2025-08-10 14:15:59'),
(746, 44, 1, 1, NULL, NULL, '2025-07-17 07:52:00', '2025-07-17 16:59:00', 9.12, '2025-07-17', 'Manual attendance', '2025-08-10 14:15:59', '2025-08-10 14:15:59'),
(747, 44, 1, 1, NULL, NULL, '2025-07-18 07:51:00', '2025-07-18 17:01:00', 9.17, '2025-07-18', 'Auto checkout', '2025-08-10 14:15:59', '2025-08-10 14:15:59'),
(749, 44, 1, 1, NULL, NULL, '2025-07-22 07:56:00', '2025-07-22 16:58:00', 9.03, '2025-07-22', 'Auto checkout', '2025-08-10 14:15:59', '2025-08-10 14:15:59'),
(750, 44, 2, 1, NULL, NULL, '2025-07-23 07:57:00', '2025-07-23 16:52:00', 8.92, '2025-07-23', 'Manual attendance', '2025-08-10 14:15:59', '2025-08-10 14:15:59'),
(751, 44, 1, 1, NULL, NULL, '2025-07-24 07:57:00', '2025-07-24 16:11:00', 8.23, '2025-07-24', 'Manual attendance', '2025-08-10 14:15:59', '2025-08-10 14:15:59'),
(752, 44, 1, 1, NULL, NULL, '2025-07-25 08:13:00', '2025-07-25 16:14:00', 8.02, '2025-07-25', 'Manual attendance', '2025-08-10 14:15:59', '2025-08-10 14:15:59'),
(754, 44, 1, 1, NULL, NULL, '2025-07-29 07:48:00', '2025-07-29 16:30:00', 8.70, '2025-07-29', 'Manual attendance', '2025-08-10 14:15:59', '2025-08-10 14:15:59'),
(755, 44, 3, 1, NULL, NULL, '2025-07-30 08:13:00', '2025-07-30 16:35:00', 8.37, '2025-07-30', 'Manual attendance', '2025-08-10 14:15:59', '2025-08-10 14:15:59'),
(756, 44, 1, 1, NULL, NULL, '2025-07-31 07:46:00', '2025-07-31 16:10:00', 8.40, '2025-07-31', 'Manual attendance', '2025-08-10 14:15:59', '2025-08-10 14:15:59'),
(757, 44, 2, 1, NULL, NULL, '2025-08-01 07:46:00', '2025-08-01 17:02:00', 9.27, '2025-08-01', 'Auto checkout', '2025-08-10 14:15:59', '2025-08-10 14:15:59'),
(759, 44, 3, 3, NULL, NULL, '2025-08-03 08:17:00', '2025-08-03 17:00:00', 8.72, '2025-08-03', 'Weekend off', '2025-08-10 14:15:59', '2025-08-10 14:15:59'),
(760, 44, 1, 1, NULL, NULL, '2025-08-05 08:11:00', '2025-08-05 16:55:00', 8.73, '2025-08-05', 'Manual attendance', '2025-08-10 14:15:59', '2025-08-10 14:15:59'),
(761, 44, 1, 1, NULL, NULL, '2025-08-06 07:58:00', '2025-08-06 16:00:00', 8.03, '2025-08-06', 'Manual attendance', '2025-08-10 14:15:59', '2025-08-10 14:15:59'),
(762, 44, 1, 1, NULL, NULL, '2025-08-07 08:01:00', '2025-08-07 17:03:00', 9.03, '2025-08-07', 'Auto checkout', '2025-08-10 14:15:59', '2025-08-10 14:15:59'),
(763, 45, 1, 2, NULL, NULL, '2025-07-01 08:08:00', '2025-07-01 17:23:00', 9.25, '2025-07-01', 'Manual attendance', '2025-08-10 14:15:59', '2025-08-10 14:15:59'),
(764, 45, 1, 2, NULL, NULL, '2025-07-02 08:13:00', '2025-07-02 17:09:00', 8.93, '2025-07-02', 'Manual attendance', '2025-08-10 14:15:59', '2025-08-10 14:15:59'),
(765, 45, 1, 1, NULL, NULL, '2025-07-03 07:55:00', '2025-07-03 16:22:00', 8.45, '2025-07-03', 'Manual attendance', '2025-08-10 14:15:59', '2025-08-10 14:15:59'),
(766, 45, 1, 1, NULL, NULL, '2025-07-04 08:11:00', '2025-07-04 17:41:00', 9.50, '2025-07-04', 'Manual attendance', '2025-08-10 14:15:59', '2025-08-10 14:15:59'),
(769, 45, 1, 1, NULL, NULL, '2025-07-08 08:04:00', '2025-07-08 16:58:00', 8.90, '2025-07-08', 'Auto checkout', '2025-08-10 14:15:59', '2025-08-10 14:15:59'),
(770, 45, 1, 1, NULL, NULL, '2025-07-09 07:48:00', '2025-07-09 16:45:00', 8.95, '2025-07-09', 'Manual attendance', '2025-08-10 14:15:59', '2025-08-10 14:15:59'),
(771, 45, 3, 1, NULL, NULL, '2025-07-10 08:14:00', '2025-07-10 16:56:00', 8.70, '2025-07-10', 'Auto checkout', '2025-08-10 14:15:59', '2025-08-10 14:15:59'),
(772, 45, 1, 1, NULL, NULL, '2025-07-11 07:48:00', '2025-07-11 16:41:00', 8.88, '2025-07-11', 'Manual attendance', '2025-08-10 14:15:59', '2025-08-10 14:15:59'),
(774, 45, 2, 1, NULL, NULL, '2025-07-15 08:04:00', '2025-07-15 16:42:00', 8.63, '2025-07-15', 'Manual attendance', '2025-08-10 14:15:59', '2025-08-10 14:15:59'),
(775, 45, 3, 1, NULL, NULL, '2025-07-16 07:45:00', '2025-07-16 16:16:00', 8.52, '2025-07-16', 'Manual attendance', '2025-08-10 14:15:59', '2025-08-10 14:15:59'),
(776, 45, 2, 1, NULL, NULL, '2025-07-17 08:10:00', '2025-07-17 16:45:00', 8.58, '2025-07-17', 'Manual attendance', '2025-08-10 14:15:59', '2025-08-10 14:15:59'),
(777, 45, 1, 1, NULL, NULL, '2025-07-18 07:49:00', '2025-07-18 17:54:00', 10.08, '2025-07-18', 'Manual attendance', '2025-08-10 14:15:59', '2025-08-10 14:15:59'),
(779, 45, 1, 1, NULL, NULL, '2025-07-22 07:54:00', '2025-07-22 16:40:00', 8.77, '2025-07-22', 'Manual attendance', '2025-08-10 14:15:59', '2025-08-10 14:15:59'),
(780, 45, 1, 2, NULL, NULL, '2025-07-23 08:05:00', '2025-07-23 16:25:00', 8.33, '2025-07-23', 'Manual attendance', '2025-08-10 14:15:59', '2025-08-10 14:15:59'),
(781, 45, 1, 1, NULL, NULL, '2025-07-24 07:52:00', '2025-07-24 17:02:00', 9.17, '2025-07-24', 'Auto checkout', '2025-08-10 14:15:59', '2025-08-10 14:15:59'),
(782, 45, 1, 1, NULL, NULL, '2025-07-25 07:53:00', '2025-07-25 16:56:00', 9.05, '2025-07-25', 'Manual attendance', '2025-08-10 14:15:59', '2025-08-10 14:15:59'),
(785, 45, 1, 1, NULL, NULL, '2025-07-29 07:56:00', '2025-07-29 16:59:00', 9.05, '2025-07-29', 'Auto checkout', '2025-08-10 14:15:59', '2025-08-10 14:15:59'),
(786, 45, 1, 1, NULL, NULL, '2025-07-30 07:50:00', '2025-07-30 17:03:00', 9.22, '2025-07-30', 'Auto checkout', '2025-08-10 14:15:59', '2025-08-10 14:15:59'),
(787, 45, 3, 1, NULL, NULL, '2025-07-31 08:03:00', '2025-07-31 17:05:00', 9.03, '2025-07-31', 'Manual attendance', '2025-08-10 14:15:59', '2025-08-10 14:15:59'),
(788, 45, 1, 1, NULL, NULL, '2025-08-01 08:04:00', '2025-08-01 17:02:00', 8.97, '2025-08-01', 'Auto checkout', '2025-08-10 14:15:59', '2025-08-10 14:15:59'),
(790, 45, 1, 2, NULL, NULL, '2025-08-05 08:11:00', '2025-08-05 17:02:00', 8.85, '2025-08-05', 'Manual attendance', '2025-08-10 14:15:59', '2025-08-10 14:15:59'),
(791, 45, 1, 1, NULL, NULL, '2025-08-06 08:08:00', '2025-08-06 17:38:00', 9.50, '2025-08-06', 'Manual attendance', '2025-08-10 14:15:59', '2025-08-10 14:15:59'),
(792, 45, 3, 2, NULL, NULL, '2025-08-07 08:32:00', '2025-08-07 16:57:00', 8.42, '2025-08-07', 'Auto checkout', '2025-08-10 14:15:59', '2025-08-10 14:15:59'),
(793, 46, 1, 1, NULL, NULL, '2025-07-01 08:02:00', '2025-07-01 17:57:00', 9.92, '2025-07-01', 'Manual attendance', '2025-08-10 14:15:59', '2025-08-10 14:15:59'),
(794, 46, 1, 1, NULL, NULL, '2025-07-02 07:50:00', '2025-07-02 17:00:00', 9.17, '2025-07-02', 'Auto checkout', '2025-08-10 14:15:59', '2025-08-10 14:15:59'),
(795, 46, 2, 1, NULL, NULL, '2025-07-03 07:49:00', '2025-07-03 16:07:00', 8.30, '2025-07-03', 'Manual attendance', '2025-08-10 14:15:59', '2025-08-10 14:15:59'),
(796, 46, 1, 1, NULL, NULL, '2025-07-04 08:10:00', '2025-07-04 16:08:00', 7.97, '2025-07-04', 'Manual attendance', '2025-08-10 14:15:59', '2025-08-10 14:15:59'),
(798, 46, 2, 2, NULL, NULL, '2025-07-08 08:21:00', '2025-07-08 16:44:00', 8.38, '2025-07-08', 'Manual attendance', '2025-08-10 14:15:59', '2025-08-10 14:15:59'),
(799, 46, 2, 1, NULL, NULL, '2025-07-09 07:58:00', '2025-07-09 16:58:00', 9.00, '2025-07-09', 'Auto checkout', '2025-08-10 14:15:59', '2025-08-10 14:15:59'),
(800, 46, 1, 1, NULL, NULL, '2025-07-10 08:12:00', '2025-07-10 16:11:00', 7.98, '2025-07-10', 'Manual attendance', '2025-08-10 14:15:59', '2025-08-10 14:15:59'),
(801, 46, 1, 1, NULL, NULL, '2025-07-11 08:14:00', '2025-07-11 17:04:00', 8.83, '2025-07-11', 'Auto checkout', '2025-08-10 14:15:59', '2025-08-10 14:15:59'),
(803, 46, 1, 1, NULL, NULL, '2025-07-15 07:59:00', '2025-07-15 16:24:00', 8.42, '2025-07-15', 'Manual attendance', '2025-08-10 14:15:59', '2025-08-10 14:15:59'),
(804, 46, 1, 1, NULL, NULL, '2025-07-16 08:13:00', '2025-07-16 16:46:00', 8.55, '2025-07-16', 'Manual attendance', '2025-08-10 14:15:59', '2025-08-10 14:15:59'),
(805, 46, 1, 2, NULL, NULL, '2025-07-17 08:26:00', '2025-07-17 16:59:00', 8.55, '2025-07-17', 'Manual attendance', '2025-08-10 14:15:59', '2025-08-10 14:15:59'),
(806, 46, 3, 1, NULL, NULL, '2025-07-18 07:56:00', '2025-07-18 16:59:00', 9.05, '2025-07-18', 'Auto checkout', '2025-08-10 14:15:59', '2025-08-10 14:15:59'),
(808, 46, 1, 3, NULL, NULL, '2025-07-22 00:00:00', NULL, 0.00, '2025-07-22', 'Absent', '2025-08-10 14:15:59', '2025-08-10 14:15:59'),
(809, 46, 1, 1, NULL, NULL, '2025-07-23 08:03:00', '2025-07-23 17:29:00', 9.43, '2025-07-23', 'Manual attendance', '2025-08-10 14:15:59', '2025-08-10 14:15:59'),
(810, 46, 1, 1, NULL, NULL, '2025-07-24 08:11:00', '2025-07-24 17:35:00', 9.40, '2025-07-24', 'Manual attendance', '2025-08-10 14:15:59', '2025-08-10 14:15:59'),
(811, 46, 1, 1, NULL, NULL, '2025-07-25 08:03:00', '2025-07-25 17:03:00', 9.00, '2025-07-25', 'Auto checkout', '2025-08-10 14:15:59', '2025-08-10 14:15:59'),
(814, 46, 3, 1, NULL, NULL, '2025-07-29 08:00:00', '2025-07-29 17:04:00', 9.07, '2025-07-29', 'Auto checkout', '2025-08-10 14:15:59', '2025-08-10 14:15:59'),
(815, 46, 1, 1, NULL, NULL, '2025-07-30 07:53:00', '2025-07-30 16:24:00', 8.52, '2025-07-30', 'Manual attendance', '2025-08-10 14:15:59', '2025-08-10 14:15:59'),
(816, 46, 1, 1, NULL, NULL, '2025-07-31 07:57:00', '2025-07-31 17:44:00', 9.78, '2025-07-31', 'Manual attendance', '2025-08-10 14:15:59', '2025-08-10 14:15:59'),
(817, 46, 2, 1, NULL, NULL, '2025-08-01 07:59:00', '2025-08-01 16:40:00', 8.68, '2025-08-01', 'Manual attendance', '2025-08-10 14:15:59', '2025-08-10 14:15:59'),
(818, 46, 3, 1, NULL, NULL, '2025-08-02 08:05:00', '2025-08-02 16:26:00', 8.35, '2025-08-02', 'Manual attendance', '2025-08-10 14:15:59', '2025-08-10 14:15:59'),
(819, 46, 1, 1, NULL, NULL, '2025-08-05 08:11:00', '2025-08-05 17:38:00', 9.45, '2025-08-05', 'Manual attendance', '2025-08-10 14:15:59', '2025-08-10 14:15:59'),
(820, 46, 3, 1, NULL, NULL, '2025-08-06 08:04:00', '2025-08-06 16:17:00', 8.22, '2025-08-06', 'Manual attendance', '2025-08-10 14:15:59', '2025-08-10 14:15:59'),
(821, 46, 1, 1, NULL, NULL, '2025-08-07 07:54:00', '2025-08-07 16:59:00', 9.08, '2025-08-07', 'Manual attendance', '2025-08-10 14:15:59', '2025-08-10 14:15:59'),
(822, 47, 1, 1, NULL, NULL, '2025-07-01 08:11:00', '2025-07-01 16:59:00', 8.80, '2025-07-01', 'Manual attendance', '2025-08-10 14:15:59', '2025-08-10 14:15:59'),
(823, 47, 1, 1, NULL, NULL, '2025-07-02 07:48:00', '2025-07-02 17:35:00', 9.78, '2025-07-02', 'Manual attendance', '2025-08-10 14:15:59', '2025-08-10 14:15:59'),
(824, 47, 1, 1, NULL, NULL, '2025-07-03 08:14:00', '2025-07-03 16:20:00', 8.10, '2025-07-03', 'Manual attendance', '2025-08-10 14:15:59', '2025-08-10 14:15:59'),
(825, 47, 3, 1, NULL, NULL, '2025-07-04 07:53:00', '2025-07-04 17:31:00', 9.63, '2025-07-04', 'Manual attendance', '2025-08-10 14:15:59', '2025-08-10 14:15:59'),
(827, 47, 1, 1, NULL, NULL, '2025-07-08 08:00:00', '2025-07-08 17:54:00', 9.90, '2025-07-08', 'Manual attendance', '2025-08-10 14:15:59', '2025-08-10 14:15:59'),
(828, 47, 1, 1, NULL, NULL, '2025-07-09 07:59:00', '2025-07-09 16:27:00', 8.47, '2025-07-09', 'Manual attendance', '2025-08-10 14:15:59', '2025-08-10 14:15:59'),
(829, 47, 1, 1, NULL, NULL, '2025-07-10 07:55:00', '2025-07-10 17:25:00', 9.50, '2025-07-10', 'Manual attendance', '2025-08-10 14:15:59', '2025-08-10 14:15:59'),
(830, 47, 1, 1, NULL, NULL, '2025-07-11 08:09:00', '2025-07-11 16:57:00', 8.80, '2025-07-11', 'Manual attendance', '2025-08-10 14:15:59', '2025-08-10 14:15:59'),
(831, 47, 3, 3, NULL, NULL, '2025-07-12 07:45:00', '2025-07-12 17:04:00', 9.32, '2025-07-12', 'Weekend off', '2025-08-10 14:15:59', '2025-08-10 14:15:59'),
(832, 47, 1, 1, NULL, NULL, '2025-07-15 07:47:00', '2025-07-15 17:55:00', 10.13, '2025-07-15', 'Manual attendance', '2025-08-10 14:15:59', '2025-08-10 14:15:59'),
(833, 47, 2, 1, NULL, NULL, '2025-07-16 08:03:00', '2025-07-16 17:54:00', 9.85, '2025-07-16', 'Manual attendance', '2025-08-10 14:15:59', '2025-08-10 14:15:59'),
(834, 47, 1, 1, NULL, NULL, '2025-07-17 07:46:00', '2025-07-17 16:57:00', 9.18, '2025-07-17', 'Manual attendance', '2025-08-10 14:15:59', '2025-08-10 14:15:59'),
(835, 47, 2, 1, NULL, NULL, '2025-07-18 08:06:00', '2025-07-18 16:38:00', 8.53, '2025-07-18', 'Manual attendance', '2025-08-10 14:15:59', '2025-08-10 14:15:59'),
(837, 47, 1, 3, NULL, NULL, '2025-07-22 00:00:00', NULL, 0.00, '2025-07-22', 'Absent', '2025-08-10 14:15:59', '2025-08-10 14:15:59'),
(838, 47, 1, 1, NULL, NULL, '2025-07-23 08:12:00', '2025-07-23 17:02:00', 8.83, '2025-07-23', 'Auto checkout', '2025-08-10 14:15:59', '2025-08-10 14:15:59'),
(839, 47, 1, 1, NULL, NULL, '2025-07-24 07:56:00', '2025-07-24 17:04:00', 9.13, '2025-07-24', 'Auto checkout', '2025-08-10 14:15:59', '2025-08-10 14:15:59'),
(840, 47, 3, 1, NULL, NULL, '2025-07-25 07:59:00', '2025-07-25 17:06:00', 9.12, '2025-07-25', 'Manual attendance', '2025-08-10 14:15:59', '2025-08-10 14:15:59'),
(842, 47, 1, 3, NULL, NULL, '2025-07-28 00:00:00', NULL, 0.00, '2025-07-28', 'Absent', '2025-08-10 14:15:59', '2025-08-10 14:15:59'),
(843, 47, 3, 1, NULL, NULL, '2025-07-29 07:54:00', '2025-07-29 17:23:00', 9.48, '2025-07-29', 'Manual attendance', '2025-08-10 14:15:59', '2025-08-10 14:15:59'),
(844, 47, 3, 1, NULL, NULL, '2025-07-30 07:48:00', '2025-07-30 16:57:00', 9.15, '2025-07-30', 'Auto checkout', '2025-08-10 14:15:59', '2025-08-10 14:15:59'),
(845, 47, 1, 1, NULL, NULL, '2025-07-31 08:02:00', '2025-07-31 16:44:00', 8.70, '2025-07-31', 'Manual attendance', '2025-08-10 14:15:59', '2025-08-10 14:15:59'),
(846, 47, 1, 3, NULL, NULL, '2025-08-01 00:00:00', NULL, 0.00, '2025-08-01', 'Absent', '2025-08-10 14:15:59', '2025-08-10 14:15:59'),
(848, 47, 1, 1, NULL, NULL, '2025-08-05 07:57:00', '2025-08-05 16:57:00', 9.00, '2025-08-05', 'Manual attendance', '2025-08-10 14:15:59', '2025-08-10 14:15:59'),
(849, 47, 1, 1, NULL, NULL, '2025-08-06 08:11:00', '2025-08-06 17:02:00', 8.85, '2025-08-06', 'Auto checkout', '2025-08-10 14:15:59', '2025-08-10 14:15:59'),
(850, 47, 1, 1, NULL, NULL, '2025-08-07 08:06:00', '2025-08-07 17:00:00', 8.90, '2025-08-07', 'Auto checkout', '2025-08-10 14:15:59', '2025-08-10 14:15:59'),
(851, 48, 1, 1, NULL, NULL, '2025-07-01 07:57:00', '2025-07-01 17:21:00', 9.40, '2025-07-01', 'Manual attendance', '2025-08-10 14:15:59', '2025-08-10 14:15:59'),
(852, 48, 2, 1, NULL, NULL, '2025-07-02 08:06:00', '2025-07-02 16:16:00', 8.17, '2025-07-02', 'Manual attendance', '2025-08-10 14:15:59', '2025-08-10 14:15:59'),
(853, 48, 1, 1, NULL, NULL, '2025-07-03 08:11:00', '2025-07-03 16:55:00', 8.73, '2025-07-03', 'Auto checkout', '2025-08-10 14:15:59', '2025-08-10 14:15:59'),
(854, 48, 1, 1, NULL, NULL, '2025-07-04 07:58:00', '2025-07-04 17:00:00', 9.03, '2025-07-04', 'Manual attendance', '2025-08-10 14:15:59', '2025-08-10 14:15:59'),
(857, 48, 2, 1, NULL, NULL, '2025-07-07 07:58:00', '2025-07-07 17:35:00', 9.62, '2025-07-07', 'Manual attendance', '2025-08-10 14:15:59', '2025-08-10 14:15:59'),
(858, 48, 1, 1, NULL, NULL, '2025-07-08 08:05:00', '2025-07-08 16:51:00', 8.77, '2025-07-08', 'Manual attendance', '2025-08-10 14:15:59', '2025-08-10 14:15:59'),
(859, 48, 2, 1, NULL, NULL, '2025-07-09 08:09:00', '2025-07-09 16:57:00', 8.80, '2025-07-09', 'Auto checkout', '2025-08-10 14:15:59', '2025-08-10 14:15:59'),
(860, 48, 3, 1, NULL, NULL, '2025-07-10 07:56:00', '2025-07-10 17:01:00', 9.08, '2025-07-10', 'Auto checkout', '2025-08-10 14:15:59', '2025-08-10 14:15:59'),
(861, 48, 2, 1, NULL, NULL, '2025-07-11 08:00:00', '2025-07-11 17:29:00', 9.48, '2025-07-11', 'Manual attendance', '2025-08-10 14:15:59', '2025-08-10 14:15:59'),
(863, 48, 1, 1, NULL, NULL, '2025-07-15 08:02:00', '2025-07-15 16:55:00', 8.88, '2025-07-15', 'Auto checkout', '2025-08-10 14:15:59', '2025-08-10 14:15:59'),
(864, 48, 1, 1, NULL, NULL, '2025-07-16 07:49:00', '2025-07-16 17:30:00', 9.68, '2025-07-16', 'Manual attendance', '2025-08-10 14:15:59', '2025-08-10 14:15:59'),
(865, 48, 2, 1, NULL, NULL, '2025-07-17 08:05:00', '2025-07-17 16:33:00', 8.47, '2025-07-17', 'Manual attendance', '2025-08-10 14:15:59', '2025-08-10 14:15:59'),
(866, 48, 1, 1, NULL, NULL, '2025-07-18 07:52:00', '2025-07-18 17:33:00', 9.68, '2025-07-18', 'Manual attendance', '2025-08-10 14:15:59', '2025-08-10 14:15:59'),
(867, 48, 3, 3, NULL, NULL, '2025-07-19 08:07:00', '2025-07-19 17:00:00', 8.88, '2025-07-19', 'Weekend off', '2025-08-10 14:15:59', '2025-08-10 14:15:59'),
(868, 48, 1, 1, NULL, NULL, '2025-07-22 07:51:00', '2025-07-22 16:30:00', 8.65, '2025-07-22', 'Manual attendance', '2025-08-10 14:15:59', '2025-08-10 14:15:59'),
(869, 48, 1, 1, NULL, NULL, '2025-07-23 07:48:00', '2025-07-23 16:26:00', 8.63, '2025-07-23', 'Manual attendance', '2025-08-10 14:15:59', '2025-08-10 14:15:59'),
(870, 48, 3, 1, NULL, NULL, '2025-07-24 07:54:00', '2025-07-24 17:39:00', 9.75, '2025-07-24', 'Manual attendance', '2025-08-10 14:15:59', '2025-08-10 14:15:59'),
(871, 48, 3, 1, NULL, NULL, '2025-07-25 07:57:00', '2025-07-25 17:49:00', 9.87, '2025-07-25', 'Manual attendance', '2025-08-10 14:15:59', '2025-08-10 14:15:59'),
(872, 48, 3, 1, NULL, NULL, '2025-07-26 07:58:00', '2025-07-26 16:57:00', 8.98, '2025-07-26', 'Auto checkout', '2025-08-10 14:15:59', '2025-08-10 14:15:59'),
(873, 48, 1, 1, NULL, NULL, '2025-07-29 07:59:00', '2025-07-29 16:48:00', 8.82, '2025-07-29', 'Manual attendance', '2025-08-10 14:15:59', '2025-08-10 14:15:59'),
(874, 48, 3, 1, NULL, NULL, '2025-07-30 08:00:00', '2025-07-30 17:15:00', 9.25, '2025-07-30', 'Manual attendance', '2025-08-10 14:15:59', '2025-08-10 14:15:59'),
(875, 48, 3, 2, NULL, NULL, '2025-07-31 08:23:00', '2025-07-31 17:03:00', 8.67, '2025-07-31', 'Auto checkout', '2025-08-10 14:15:59', '2025-08-10 14:15:59'),
(876, 48, 1, 1, NULL, NULL, '2025-08-01 07:56:00', '2025-08-01 16:57:00', 9.02, '2025-08-01', 'Auto checkout', '2025-08-10 14:15:59', '2025-08-10 14:15:59'),
(877, 48, 3, 1, NULL, NULL, '2025-08-02 08:03:00', '2025-08-02 16:58:00', 8.92, '2025-08-02', 'Manual attendance', '2025-08-10 14:15:59', '2025-08-10 14:15:59'),
(878, 48, 1, 3, NULL, NULL, '2025-08-05 00:00:00', NULL, 0.00, '2025-08-05', 'Absent', '2025-08-10 14:15:59', '2025-08-10 14:15:59'),
(879, 48, 1, 1, NULL, NULL, '2025-08-06 08:00:00', '2025-08-06 16:54:00', 8.90, '2025-08-06', 'Manual attendance', '2025-08-10 14:15:59', '2025-08-10 14:15:59'),
(880, 48, 1, 1, NULL, NULL, '2025-08-07 07:47:00', '2025-08-07 17:03:00', 9.27, '2025-08-07', 'Auto checkout', '2025-08-10 14:15:59', '2025-08-10 14:15:59'),
(881, 49, 1, 1, NULL, NULL, '2025-07-01 08:08:00', '2025-07-01 17:20:00', 9.20, '2025-07-01', 'Manual attendance', '2025-08-10 14:15:59', '2025-08-10 14:15:59'),
(882, 49, 1, 1, NULL, NULL, '2025-07-02 08:11:00', '2025-07-02 16:30:00', 8.32, '2025-07-02', 'Manual attendance', '2025-08-10 14:15:59', '2025-08-10 14:15:59'),
(883, 49, 1, 1, NULL, NULL, '2025-07-03 07:46:00', '2025-07-03 16:08:00', 8.37, '2025-07-03', 'Manual attendance', '2025-08-10 14:15:59', '2025-08-10 14:15:59'),
(884, 49, 1, 1, NULL, NULL, '2025-07-04 07:46:00', '2025-07-04 16:33:00', 8.78, '2025-07-04', 'Manual attendance', '2025-08-10 14:15:59', '2025-08-10 14:15:59'),
(886, 49, 1, 1, NULL, NULL, '2025-07-08 08:05:00', '2025-07-08 16:45:00', 8.67, '2025-07-08', 'Manual attendance', '2025-08-10 14:15:59', '2025-08-10 14:15:59'),
(887, 49, 1, 1, NULL, NULL, '2025-07-09 08:01:00', '2025-07-09 16:38:00', 8.62, '2025-07-09', 'Manual attendance', '2025-08-10 14:15:59', '2025-08-10 14:15:59'),
(888, 49, 1, 3, NULL, NULL, '2025-07-10 00:00:00', NULL, 0.00, '2025-07-10', 'Absent', '2025-08-10 14:15:59', '2025-08-10 14:15:59'),
(889, 49, 1, 1, NULL, NULL, '2025-07-11 08:06:00', '2025-07-11 16:46:00', 8.67, '2025-07-11', 'Manual attendance', '2025-08-10 14:15:59', '2025-08-10 14:15:59'),
(891, 49, 1, 1, NULL, NULL, '2025-07-15 08:12:00', '2025-07-15 16:16:00', 8.07, '2025-07-15', 'Manual attendance', '2025-08-10 14:15:59', '2025-08-10 14:15:59'),
(892, 49, 1, 3, NULL, NULL, '2025-07-16 00:00:00', NULL, 0.00, '2025-07-16', 'Absent', '2025-08-10 14:15:59', '2025-08-10 14:15:59'),
(893, 49, 1, 1, NULL, NULL, '2025-07-17 08:00:00', '2025-07-17 16:38:00', 8.63, '2025-07-17', 'Manual attendance', '2025-08-10 14:15:59', '2025-08-10 14:15:59'),
(894, 49, 1, 3, NULL, NULL, '2025-07-18 00:00:00', NULL, 0.00, '2025-07-18', 'Absent', '2025-08-10 14:15:59', '2025-08-10 14:15:59'),
(896, 49, 3, 1, NULL, NULL, '2025-07-22 07:48:00', '2025-07-22 17:42:00', 9.90, '2025-07-22', 'Manual attendance', '2025-08-10 14:15:59', '2025-08-10 14:15:59'),
(897, 49, 2, 1, NULL, NULL, '2025-07-23 08:14:00', '2025-07-23 16:19:00', 8.08, '2025-07-23', 'Manual attendance', '2025-08-10 14:15:59', '2025-08-10 14:15:59'),
(898, 49, 1, 1, NULL, NULL, '2025-07-24 08:05:00', '2025-07-24 16:53:00', 8.80, '2025-07-24', 'Manual attendance', '2025-08-10 14:15:59', '2025-08-10 14:15:59'),
(899, 49, 2, 1, NULL, NULL, '2025-07-25 08:00:00', '2025-07-25 17:04:00', 9.07, '2025-07-25', 'Auto checkout', '2025-08-10 14:15:59', '2025-08-10 14:15:59'),
(901, 49, 3, 1, NULL, NULL, '2025-07-29 07:45:00', '2025-07-29 17:01:00', 9.27, '2025-07-29', 'Auto checkout', '2025-08-10 14:15:59', '2025-08-10 14:15:59'),
(902, 49, 3, 1, NULL, NULL, '2025-07-30 07:52:00', '2025-07-30 17:13:00', 9.35, '2025-07-30', 'Manual attendance', '2025-08-10 14:15:59', '2025-08-10 14:15:59'),
(903, 49, 2, 1, NULL, NULL, '2025-07-31 08:02:00', '2025-07-31 16:02:00', 8.00, '2025-07-31', 'Manual attendance', '2025-08-10 14:15:59', '2025-08-10 14:15:59'),
(904, 49, 1, 1, NULL, NULL, '2025-08-01 08:08:00', '2025-08-01 17:28:00', 9.33, '2025-08-01', 'Manual attendance', '2025-08-10 14:15:59', '2025-08-10 14:15:59'),
(905, 49, 3, 1, NULL, NULL, '2025-08-02 08:02:00', '2025-08-02 16:18:00', 8.27, '2025-08-02', 'Manual attendance', '2025-08-10 14:15:59', '2025-08-10 14:15:59'),
(906, 49, 3, 2, NULL, NULL, '2025-08-05 08:20:00', '2025-08-05 17:53:00', 9.55, '2025-08-05', 'Manual attendance', '2025-08-10 14:15:59', '2025-08-10 14:15:59'),
(907, 49, 1, 1, NULL, NULL, '2025-08-06 07:56:00', '2025-08-06 16:34:00', 8.63, '2025-08-06', 'Manual attendance', '2025-08-10 14:15:59', '2025-08-10 14:15:59'),
(908, 49, 1, 1, NULL, NULL, '2025-08-07 08:13:00', '2025-08-07 17:04:00', 8.85, '2025-08-07', 'Auto checkout', '2025-08-10 14:16:00', '2025-08-10 14:16:00'),
(909, 50, 1, 1, NULL, NULL, '2025-07-01 07:46:00', '2025-07-01 17:00:00', 9.23, '2025-07-01', 'Auto checkout', '2025-08-10 14:16:00', '2025-08-10 14:16:00'),
(910, 50, 1, 1, NULL, NULL, '2025-07-02 08:07:00', '2025-07-02 16:11:00', 8.07, '2025-07-02', 'Manual attendance', '2025-08-10 14:16:00', '2025-08-10 14:16:00');
INSERT INTO `attendance` (`id_attendance`, `user_id`, `category_id`, `status_id`, `location_id`, `booking_id`, `time_in`, `time_out`, `work_hour`, `attendance_date`, `notes`, `created_at`, `updated_at`) VALUES
(911, 50, 2, 1, NULL, NULL, '2025-07-03 07:50:00', '2025-07-03 17:08:00', 9.30, '2025-07-03', 'Manual attendance', '2025-08-10 14:16:00', '2025-08-10 14:16:00'),
(912, 50, 1, 1, NULL, NULL, '2025-07-04 08:13:00', '2025-07-04 16:31:00', 8.30, '2025-07-04', 'Manual attendance', '2025-08-10 14:16:00', '2025-08-10 14:16:00'),
(914, 50, 1, 1, NULL, NULL, '2025-07-08 08:03:00', '2025-07-08 16:56:00', 8.88, '2025-07-08', 'Auto checkout', '2025-08-10 14:16:00', '2025-08-10 14:16:00'),
(915, 50, 1, 1, NULL, NULL, '2025-07-09 08:00:00', '2025-07-09 16:47:00', 8.78, '2025-07-09', 'Manual attendance', '2025-08-10 14:16:00', '2025-08-10 14:16:00'),
(916, 50, 1, 1, NULL, NULL, '2025-07-10 08:11:00', '2025-07-10 16:56:00', 8.75, '2025-07-10', 'Auto checkout', '2025-08-10 14:16:00', '2025-08-10 14:16:00'),
(917, 50, 3, 1, NULL, NULL, '2025-07-11 08:06:00', '2025-07-11 16:35:00', 8.48, '2025-07-11', 'Manual attendance', '2025-08-10 14:16:00', '2025-08-10 14:16:00'),
(920, 50, 1, 1, NULL, NULL, '2025-07-15 07:51:00', '2025-07-15 17:03:00', 9.20, '2025-07-15', 'Manual attendance', '2025-08-10 14:16:00', '2025-08-10 14:16:00'),
(921, 50, 1, 1, NULL, NULL, '2025-07-16 07:52:00', '2025-07-16 17:33:00', 9.68, '2025-07-16', 'Manual attendance', '2025-08-10 14:16:00', '2025-08-10 14:16:00'),
(922, 50, 3, 1, NULL, NULL, '2025-07-17 08:02:00', '2025-07-17 16:55:00', 8.88, '2025-07-17', 'Auto checkout', '2025-08-10 14:16:00', '2025-08-10 14:16:00'),
(923, 50, 1, 1, NULL, NULL, '2025-07-18 07:53:00', '2025-07-18 16:11:00', 8.30, '2025-07-18', 'Manual attendance', '2025-08-10 14:16:00', '2025-08-10 14:16:00'),
(925, 50, 2, 1, NULL, NULL, '2025-07-22 07:53:00', '2025-07-22 16:40:00', 8.78, '2025-07-22', 'Manual attendance', '2025-08-10 14:16:00', '2025-08-10 14:16:00'),
(926, 50, 1, 1, NULL, NULL, '2025-07-23 07:48:00', '2025-07-23 16:57:00', 9.15, '2025-07-23', 'Auto checkout', '2025-08-10 14:16:00', '2025-08-10 14:16:00'),
(927, 50, 1, 1, NULL, NULL, '2025-07-24 08:01:00', '2025-07-24 16:59:00', 8.97, '2025-07-24', 'Manual attendance', '2025-08-10 14:16:00', '2025-08-10 14:16:00'),
(928, 50, 1, 1, NULL, NULL, '2025-07-25 07:52:00', '2025-07-25 17:41:00', 9.82, '2025-07-25', 'Manual attendance', '2025-08-10 14:16:00', '2025-08-10 14:16:00'),
(930, 50, 1, 1, NULL, NULL, '2025-07-29 07:56:00', '2025-07-29 16:56:00', 9.00, '2025-07-29', 'Auto checkout', '2025-08-10 14:16:00', '2025-08-10 14:16:00'),
(931, 50, 3, 1, NULL, NULL, '2025-07-30 08:01:00', '2025-07-30 16:40:00', 8.65, '2025-07-30', 'Manual attendance', '2025-08-10 14:16:00', '2025-08-10 14:16:00'),
(932, 50, 1, 1, NULL, NULL, '2025-07-31 08:09:00', '2025-07-31 17:20:00', 9.18, '2025-07-31', 'Manual attendance', '2025-08-10 14:16:00', '2025-08-10 14:16:00'),
(933, 50, 1, 1, NULL, NULL, '2025-08-01 07:52:00', '2025-08-01 17:11:00', 9.32, '2025-08-01', 'Manual attendance', '2025-08-10 14:16:00', '2025-08-10 14:16:00'),
(935, 50, 3, 1, NULL, NULL, '2025-08-03 08:05:00', '2025-08-03 16:55:00', 8.83, '2025-08-03', 'Auto checkout', '2025-08-10 14:16:00', '2025-08-10 14:16:00'),
(936, 50, 1, 1, NULL, NULL, '2025-08-05 07:58:00', '2025-08-05 16:20:00', 8.37, '2025-08-05', 'Manual attendance', '2025-08-10 14:16:00', '2025-08-10 14:16:00'),
(937, 50, 2, 1, NULL, NULL, '2025-08-06 07:58:00', '2025-08-06 17:33:00', 9.58, '2025-08-06', 'Manual attendance', '2025-08-10 14:16:00', '2025-08-10 14:16:00'),
(938, 50, 3, 1, NULL, NULL, '2025-08-07 08:10:00', '2025-08-07 16:55:00', 8.75, '2025-08-07', 'Auto checkout', '2025-08-10 14:16:00', '2025-08-10 14:16:00'),
(939, 51, 1, 1, NULL, NULL, '2025-07-01 08:13:00', '2025-07-01 17:02:00', 8.82, '2025-07-01', 'Auto checkout', '2025-08-10 14:16:00', '2025-08-10 14:16:00'),
(940, 51, 1, 1, NULL, NULL, '2025-07-02 08:02:00', '2025-07-02 16:44:00', 8.70, '2025-07-02', 'Manual attendance', '2025-08-10 14:16:00', '2025-08-10 14:16:00'),
(941, 51, 1, 1, NULL, NULL, '2025-07-03 07:58:00', '2025-07-03 16:58:00', 9.00, '2025-07-03', 'Auto checkout', '2025-08-10 14:16:00', '2025-08-10 14:16:00'),
(942, 51, 1, 1, NULL, NULL, '2025-07-04 08:10:00', '2025-07-04 17:20:00', 9.17, '2025-07-04', 'Manual attendance', '2025-08-10 14:16:00', '2025-08-10 14:16:00'),
(944, 51, 1, 2, NULL, NULL, '2025-07-08 08:27:00', '2025-07-08 17:17:00', 8.83, '2025-07-08', 'Manual attendance', '2025-08-10 14:16:00', '2025-08-10 14:16:00'),
(945, 51, 1, 3, NULL, NULL, '2025-07-09 00:00:00', NULL, 0.00, '2025-07-09', 'Absent', '2025-08-10 14:16:00', '2025-08-10 14:16:00'),
(946, 51, 1, 1, NULL, NULL, '2025-07-10 07:57:00', '2025-07-10 17:46:00', 9.82, '2025-07-10', 'Manual attendance', '2025-08-10 14:16:00', '2025-08-10 14:16:00'),
(947, 51, 1, 1, NULL, NULL, '2025-07-11 08:00:00', '2025-07-11 17:51:00', 9.85, '2025-07-11', 'Manual attendance', '2025-08-10 14:16:00', '2025-08-10 14:16:00'),
(949, 51, 1, 1, NULL, NULL, '2025-07-15 07:57:00', '2025-07-15 16:55:00', 8.97, '2025-07-15', 'Auto checkout', '2025-08-10 14:16:00', '2025-08-10 14:16:00'),
(950, 51, 1, 1, NULL, NULL, '2025-07-16 07:49:00', '2025-07-16 16:42:00', 8.88, '2025-07-16', 'Manual attendance', '2025-08-10 14:16:00', '2025-08-10 14:16:00'),
(951, 51, 1, 1, NULL, NULL, '2025-07-17 07:50:00', '2025-07-17 17:11:00', 9.35, '2025-07-17', 'Manual attendance', '2025-08-10 14:16:00', '2025-08-10 14:16:00'),
(952, 51, 1, 1, NULL, NULL, '2025-07-18 08:12:00', '2025-07-18 17:19:00', 9.12, '2025-07-18', 'Manual attendance', '2025-08-10 14:16:00', '2025-08-10 14:16:00'),
(954, 51, 1, 1, NULL, NULL, '2025-07-22 08:08:00', '2025-07-22 16:55:00', 8.78, '2025-07-22', 'Auto checkout', '2025-08-10 14:16:00', '2025-08-10 14:16:00'),
(955, 51, 1, 1, NULL, NULL, '2025-07-23 08:06:00', '2025-07-23 17:20:00', 9.23, '2025-07-23', 'Manual attendance', '2025-08-10 14:16:00', '2025-08-10 14:16:00'),
(956, 51, 1, 1, NULL, NULL, '2025-07-24 07:53:00', '2025-07-24 17:23:00', 9.50, '2025-07-24', 'Manual attendance', '2025-08-10 14:16:00', '2025-08-10 14:16:00'),
(957, 51, 1, 1, NULL, NULL, '2025-07-25 07:49:00', '2025-07-25 16:54:00', 9.08, '2025-07-25', 'Manual attendance', '2025-08-10 14:16:00', '2025-08-10 14:16:00'),
(958, 51, 3, 1, NULL, NULL, '2025-07-26 08:06:00', '2025-07-26 17:03:00', 8.95, '2025-07-26', 'Auto checkout', '2025-08-10 14:16:00', '2025-08-10 14:16:00'),
(959, 51, 1, 1, NULL, NULL, '2025-07-28 07:46:00', '2025-07-28 17:38:00', 9.87, '2025-07-28', 'Manual attendance', '2025-08-10 14:16:00', '2025-08-10 14:16:00'),
(960, 51, 1, 1, NULL, NULL, '2025-07-29 08:13:00', '2025-07-29 16:37:00', 8.40, '2025-07-29', 'Manual attendance', '2025-08-10 14:16:00', '2025-08-10 14:16:00'),
(961, 51, 2, 1, NULL, NULL, '2025-07-30 07:56:00', '2025-07-30 17:01:00', 9.08, '2025-07-30', 'Auto checkout', '2025-08-10 14:16:00', '2025-08-10 14:16:00'),
(962, 51, 1, 1, NULL, NULL, '2025-07-31 08:04:00', '2025-07-31 16:55:00', 8.85, '2025-07-31', 'Auto checkout', '2025-08-10 14:16:00', '2025-08-10 14:16:00'),
(963, 51, 2, 1, NULL, NULL, '2025-08-01 08:03:00', '2025-08-01 17:49:00', 9.77, '2025-08-01', 'Manual attendance', '2025-08-10 14:16:00', '2025-08-10 14:16:00'),
(965, 51, 1, 3, NULL, NULL, '2025-08-05 00:00:00', NULL, 0.00, '2025-08-05', 'Absent', '2025-08-10 14:16:00', '2025-08-10 14:16:00'),
(966, 51, 1, 1, NULL, NULL, '2025-08-06 08:12:00', '2025-08-06 16:29:00', 8.28, '2025-08-06', 'Manual attendance', '2025-08-10 14:16:00', '2025-08-10 14:16:00'),
(967, 51, 3, 1, NULL, NULL, '2025-08-07 08:10:00', '2025-08-07 16:57:00', 8.78, '2025-08-07', 'Manual attendance', '2025-08-10 14:16:00', '2025-08-10 14:16:00'),
(968, 52, 1, 1, NULL, NULL, '2025-07-01 08:14:00', '2025-07-01 16:34:00', 8.33, '2025-07-01', 'Manual attendance', '2025-08-10 14:16:00', '2025-08-10 14:16:00'),
(969, 52, 1, 1, NULL, NULL, '2025-07-02 07:57:00', '2025-07-02 16:05:00', 8.13, '2025-07-02', 'Manual attendance', '2025-08-10 14:16:00', '2025-08-10 14:16:00'),
(970, 52, 1, 1, NULL, NULL, '2025-07-03 07:54:00', '2025-07-03 17:20:00', 9.43, '2025-07-03', 'Manual attendance', '2025-08-10 14:16:00', '2025-08-10 14:16:00'),
(971, 52, 1, 1, NULL, NULL, '2025-07-04 08:05:00', '2025-07-04 16:04:00', 7.98, '2025-07-04', 'Manual attendance', '2025-08-10 14:16:00', '2025-08-10 14:16:00'),
(973, 52, 1, 2, NULL, NULL, '2025-07-08 08:08:00', '2025-07-08 17:04:00', 8.93, '2025-07-08', 'Auto checkout', '2025-08-10 14:16:00', '2025-08-10 14:16:00'),
(974, 52, 1, 1, NULL, NULL, '2025-07-09 08:08:00', '2025-07-09 17:03:00', 8.92, '2025-07-09', 'Auto checkout', '2025-08-10 14:16:00', '2025-08-10 14:16:00'),
(975, 52, 2, 1, NULL, NULL, '2025-07-10 07:51:00', '2025-07-10 16:59:00', 9.13, '2025-07-10', 'Auto checkout', '2025-08-10 14:16:00', '2025-08-10 14:16:00'),
(976, 52, 1, 1, NULL, NULL, '2025-07-11 07:46:00', '2025-07-11 17:25:00', 9.65, '2025-07-11', 'Manual attendance', '2025-08-10 14:16:00', '2025-08-10 14:16:00'),
(978, 52, 2, 1, NULL, NULL, '2025-07-15 07:57:00', '2025-07-15 17:02:00', 9.08, '2025-07-15', 'Auto checkout', '2025-08-10 14:16:00', '2025-08-10 14:16:00'),
(979, 52, 1, 1, NULL, NULL, '2025-07-16 07:56:00', '2025-07-16 16:11:00', 8.25, '2025-07-16', 'Manual attendance', '2025-08-10 14:16:00', '2025-08-10 14:16:00'),
(980, 52, 1, 1, NULL, NULL, '2025-07-17 08:02:00', '2025-07-17 16:10:00', 8.13, '2025-07-17', 'Manual attendance', '2025-08-10 14:16:00', '2025-08-10 14:16:00'),
(981, 52, 3, 1, NULL, NULL, '2025-07-18 07:45:00', '2025-07-18 17:01:00', 9.27, '2025-07-18', 'Auto checkout', '2025-08-10 14:16:00', '2025-08-10 14:16:00'),
(983, 52, 1, 1, NULL, NULL, '2025-07-22 08:10:00', '2025-07-22 16:24:00', 8.23, '2025-07-22', 'Manual attendance', '2025-08-10 14:16:00', '2025-08-10 14:16:00'),
(984, 52, 1, 1, NULL, NULL, '2025-07-23 08:02:00', '2025-07-23 17:17:00', 9.25, '2025-07-23', 'Manual attendance', '2025-08-10 14:16:00', '2025-08-10 14:16:00'),
(985, 52, 1, 1, NULL, NULL, '2025-07-24 07:46:00', '2025-07-24 16:57:00', 9.18, '2025-07-24', 'Auto checkout', '2025-08-10 14:16:00', '2025-08-10 14:16:00'),
(986, 52, 1, 1, NULL, NULL, '2025-07-25 07:49:00', '2025-07-25 16:31:00', 8.70, '2025-07-25', 'Manual attendance', '2025-08-10 14:16:00', '2025-08-10 14:16:00'),
(988, 52, 1, 1, NULL, NULL, '2025-07-29 07:55:00', '2025-07-29 16:26:00', 8.52, '2025-07-29', 'Manual attendance', '2025-08-10 14:16:00', '2025-08-10 14:16:00'),
(989, 52, 1, 2, NULL, NULL, '2025-07-30 08:22:00', '2025-07-30 16:26:00', 8.07, '2025-07-30', 'Manual attendance', '2025-08-10 14:16:00', '2025-08-10 14:16:00'),
(990, 52, 1, 2, NULL, NULL, '2025-07-31 08:07:00', '2025-07-31 17:00:00', 8.88, '2025-07-31', 'Auto checkout', '2025-08-10 14:16:00', '2025-08-10 14:16:00'),
(991, 52, 1, 1, NULL, NULL, '2025-08-01 07:48:00', '2025-08-01 16:01:00', 8.22, '2025-08-01', 'Manual attendance', '2025-08-10 14:16:00', '2025-08-10 14:16:00'),
(992, 52, 3, 1, NULL, NULL, '2025-08-02 08:11:00', '2025-08-02 16:21:00', 8.17, '2025-08-02', 'Manual attendance', '2025-08-10 14:16:00', '2025-08-10 14:16:00'),
(993, 52, 1, 1, NULL, NULL, '2025-08-05 07:49:00', '2025-08-05 17:22:00', 9.55, '2025-08-05', 'Manual attendance', '2025-08-10 14:16:00', '2025-08-10 14:16:00'),
(994, 52, 1, 1, NULL, NULL, '2025-08-06 07:56:00', '2025-08-06 16:45:00', 8.82, '2025-08-06', 'Manual attendance', '2025-08-10 14:16:00', '2025-08-10 14:16:00'),
(995, 52, 1, 1, NULL, NULL, '2025-08-07 07:49:00', '2025-08-07 17:04:00', 9.25, '2025-08-07', 'Auto checkout', '2025-08-10 14:16:00', '2025-08-10 14:16:00'),
(996, 53, 1, 1, NULL, NULL, '2025-07-01 08:09:00', '2025-07-01 16:59:00', 8.83, '2025-07-01', 'Auto checkout', '2025-08-10 14:16:00', '2025-08-10 14:16:00'),
(997, 53, 1, 1, NULL, NULL, '2025-07-02 07:59:00', '2025-07-02 16:47:00', 8.80, '2025-07-02', 'Manual attendance', '2025-08-10 14:16:00', '2025-08-10 14:16:00'),
(998, 53, 3, 2, NULL, NULL, '2025-07-03 08:15:00', '2025-07-03 17:58:00', 9.72, '2025-07-03', 'Manual attendance', '2025-08-10 14:16:00', '2025-08-10 14:16:00'),
(999, 53, 1, 1, NULL, NULL, '2025-07-04 08:10:00', '2025-07-04 17:42:00', 9.53, '2025-07-04', 'Manual attendance', '2025-08-10 14:16:00', '2025-08-10 14:16:00'),
(1001, 53, 1, 1, NULL, NULL, '2025-07-08 07:53:00', '2025-07-08 16:32:00', 8.65, '2025-07-08', 'Manual attendance', '2025-08-10 14:16:00', '2025-08-10 14:16:00'),
(1002, 53, 2, 1, NULL, NULL, '2025-07-09 07:57:00', '2025-07-09 16:58:00', 9.02, '2025-07-09', 'Manual attendance', '2025-08-10 14:16:00', '2025-08-10 14:16:00'),
(1003, 53, 1, 1, NULL, NULL, '2025-07-10 07:50:00', '2025-07-10 16:58:00', 9.13, '2025-07-10', 'Auto checkout', '2025-08-10 14:16:00', '2025-08-10 14:16:00'),
(1004, 53, 1, 1, NULL, NULL, '2025-07-11 07:51:00', '2025-07-11 16:55:00', 9.07, '2025-07-11', 'Auto checkout', '2025-08-10 14:16:00', '2025-08-10 14:16:00'),
(1006, 53, 2, 1, NULL, NULL, '2025-07-15 08:03:00', '2025-07-15 17:02:00', 8.98, '2025-07-15', 'Auto checkout', '2025-08-10 14:16:00', '2025-08-10 14:16:00'),
(1007, 53, 1, 1, NULL, NULL, '2025-07-16 08:01:00', '2025-07-16 17:50:00', 9.82, '2025-07-16', 'Manual attendance', '2025-08-10 14:16:00', '2025-08-10 14:16:00'),
(1008, 53, 1, 1, NULL, NULL, '2025-07-17 08:08:00', '2025-07-17 16:04:00', 7.93, '2025-07-17', 'Manual attendance', '2025-08-10 14:16:00', '2025-08-10 14:16:00'),
(1009, 53, 1, 1, NULL, NULL, '2025-07-18 08:08:00', '2025-07-18 17:01:00', 8.88, '2025-07-18', 'Auto checkout', '2025-08-10 14:16:00', '2025-08-10 14:16:00'),
(1010, 53, 3, 1, NULL, NULL, '2025-07-19 08:05:00', '2025-07-19 17:00:00', 8.92, '2025-07-19', 'Auto checkout', '2025-08-10 14:16:00', '2025-08-10 14:16:00'),
(1011, 53, 2, 1, NULL, NULL, '2025-07-22 07:45:00', '2025-07-22 16:31:00', 8.77, '2025-07-22', 'Manual attendance', '2025-08-10 14:16:00', '2025-08-10 14:16:00'),
(1012, 53, 1, 1, NULL, NULL, '2025-07-23 08:09:00', '2025-07-23 16:56:00', 8.78, '2025-07-23', 'Auto checkout', '2025-08-10 14:16:00', '2025-08-10 14:16:00'),
(1013, 53, 1, 1, NULL, NULL, '2025-07-24 07:47:00', '2025-07-24 17:23:00', 9.60, '2025-07-24', 'Manual attendance', '2025-08-10 14:16:00', '2025-08-10 14:16:00'),
(1014, 53, 1, 2, NULL, NULL, '2025-07-25 08:13:00', '2025-07-25 17:04:00', 8.85, '2025-07-25', 'Manual attendance', '2025-08-10 14:16:00', '2025-08-10 14:16:00'),
(1016, 53, 1, 1, NULL, NULL, '2025-07-29 07:46:00', '2025-07-29 17:04:00', 9.30, '2025-07-29', 'Auto checkout', '2025-08-10 14:16:00', '2025-08-10 14:16:00'),
(1017, 53, 1, 1, NULL, NULL, '2025-07-30 08:01:00', '2025-07-30 16:53:00', 8.87, '2025-07-30', 'Manual attendance', '2025-08-10 14:16:00', '2025-08-10 14:16:00'),
(1018, 53, 1, 2, NULL, NULL, '2025-07-31 08:18:00', '2025-07-31 17:14:00', 8.93, '2025-07-31', 'Manual attendance', '2025-08-10 14:16:00', '2025-08-10 14:16:00'),
(1019, 53, 1, 1, NULL, NULL, '2025-08-01 08:12:00', '2025-08-01 17:33:00', 9.35, '2025-08-01', 'Manual attendance', '2025-08-10 14:16:00', '2025-08-10 14:16:00'),
(1021, 53, 1, 2, NULL, NULL, '2025-08-04 08:14:00', '2025-08-04 17:28:00', 9.23, '2025-08-04', 'Manual attendance', '2025-08-10 14:16:00', '2025-08-10 14:16:00'),
(1022, 53, 3, 1, NULL, NULL, '2025-08-05 07:54:00', '2025-08-05 16:59:00', 9.08, '2025-08-05', 'Auto checkout', '2025-08-10 14:16:00', '2025-08-10 14:16:00'),
(1023, 53, 1, 1, NULL, NULL, '2025-08-06 07:50:00', '2025-08-06 17:26:00', 9.60, '2025-08-06', 'Manual attendance', '2025-08-10 14:16:00', '2025-08-10 14:16:00'),
(1024, 53, 3, 1, NULL, NULL, '2025-08-07 08:00:00', '2025-08-07 16:29:00', 8.48, '2025-08-07', 'Manual attendance', '2025-08-10 14:16:00', '2025-08-10 14:16:00'),
(1025, 54, 1, 1, NULL, NULL, '2025-07-01 07:48:00', '2025-07-01 16:57:00', 9.15, '2025-07-01', 'Auto checkout', '2025-08-10 14:16:00', '2025-08-10 14:16:00'),
(1026, 54, 1, 1, NULL, NULL, '2025-07-02 07:55:00', '2025-07-02 16:56:00', 9.02, '2025-07-02', 'Auto checkout', '2025-08-10 14:16:00', '2025-08-10 14:16:00'),
(1027, 54, 3, 1, NULL, NULL, '2025-07-03 08:05:00', '2025-07-03 16:27:00', 8.37, '2025-07-03', 'Manual attendance', '2025-08-10 14:16:00', '2025-08-10 14:16:00'),
(1028, 54, 1, 1, NULL, NULL, '2025-07-04 07:46:00', '2025-07-04 17:41:00', 9.92, '2025-07-04', 'Manual attendance', '2025-08-10 14:16:00', '2025-08-10 14:16:00'),
(1030, 54, 3, 1, NULL, NULL, '2025-07-08 07:59:00', '2025-07-08 17:52:00', 9.88, '2025-07-08', 'Manual attendance', '2025-08-10 14:16:00', '2025-08-10 14:16:00'),
(1031, 54, 1, 1, NULL, NULL, '2025-07-09 08:10:00', '2025-07-09 16:46:00', 8.60, '2025-07-09', 'Manual attendance', '2025-08-10 14:16:00', '2025-08-10 14:16:00'),
(1032, 54, 1, 1, NULL, NULL, '2025-07-10 07:48:00', '2025-07-10 17:02:00', 9.23, '2025-07-10', 'Auto checkout', '2025-08-10 14:16:00', '2025-08-10 14:16:00'),
(1033, 54, 3, 1, NULL, NULL, '2025-07-11 07:57:00', '2025-07-11 17:00:00', 9.05, '2025-07-11', 'Auto checkout', '2025-08-10 14:16:00', '2025-08-10 14:16:00'),
(1035, 54, 1, 1, NULL, NULL, '2025-07-15 08:11:00', '2025-07-15 16:51:00', 8.67, '2025-07-15', 'Manual attendance', '2025-08-10 14:16:00', '2025-08-10 14:16:00'),
(1036, 54, 1, 1, NULL, NULL, '2025-07-16 07:57:00', '2025-07-16 16:57:00', 9.00, '2025-07-16', 'Auto checkout', '2025-08-10 14:16:00', '2025-08-10 14:16:00'),
(1037, 54, 1, 1, NULL, NULL, '2025-07-17 07:48:00', '2025-07-17 17:04:00', 9.27, '2025-07-17', 'Auto checkout', '2025-08-10 14:16:00', '2025-08-10 14:16:00'),
(1038, 54, 2, 2, NULL, NULL, '2025-07-18 08:05:00', '2025-07-18 16:58:00', 8.88, '2025-07-18', 'Auto checkout', '2025-08-10 14:16:00', '2025-08-10 14:16:00'),
(1039, 54, 3, 1, NULL, NULL, '2025-07-19 07:59:00', '2025-07-19 16:54:00', 8.92, '2025-07-19', 'Manual attendance', '2025-08-10 14:16:00', '2025-08-10 14:16:00'),
(1040, 54, 2, 1, NULL, NULL, '2025-07-22 08:00:00', '2025-07-22 17:40:00', 9.67, '2025-07-22', 'Manual attendance', '2025-08-10 14:16:00', '2025-08-10 14:16:00'),
(1041, 54, 2, 1, NULL, NULL, '2025-07-23 08:06:00', '2025-07-23 17:16:00', 9.17, '2025-07-23', 'Manual attendance', '2025-08-10 14:16:00', '2025-08-10 14:16:00'),
(1042, 54, 1, 1, NULL, NULL, '2025-07-24 08:06:00', '2025-07-24 17:28:00', 9.37, '2025-07-24', 'Manual attendance', '2025-08-10 14:16:00', '2025-08-10 14:16:00'),
(1043, 54, 3, 1, NULL, NULL, '2025-07-25 08:01:00', '2025-07-25 16:48:00', 8.78, '2025-07-25', 'Manual attendance', '2025-08-10 14:16:00', '2025-08-10 14:16:00'),
(1045, 54, 2, 1, NULL, NULL, '2025-07-29 08:11:00', '2025-07-29 16:50:00', 8.65, '2025-07-29', 'Manual attendance', '2025-08-10 14:16:00', '2025-08-10 14:16:00'),
(1046, 54, 3, 1, NULL, NULL, '2025-07-30 07:48:00', '2025-07-30 16:55:00', 9.12, '2025-07-30', 'Auto checkout', '2025-08-10 14:16:00', '2025-08-10 14:16:00'),
(1047, 54, 1, 1, NULL, NULL, '2025-07-31 07:45:00', '2025-07-31 17:20:00', 9.58, '2025-07-31', 'Manual attendance', '2025-08-10 14:16:00', '2025-08-10 14:16:00'),
(1048, 54, 1, 1, NULL, NULL, '2025-08-01 08:09:00', '2025-08-01 17:01:00', 8.87, '2025-08-01', 'Auto checkout', '2025-08-10 14:16:00', '2025-08-10 14:16:00'),
(1050, 54, 2, 1, NULL, NULL, '2025-08-05 07:45:00', '2025-08-05 16:25:00', 8.67, '2025-08-05', 'Manual attendance', '2025-08-10 14:16:00', '2025-08-10 14:16:00'),
(1051, 54, 1, 2, NULL, NULL, '2025-08-06 08:03:00', '2025-08-06 17:02:00', 8.98, '2025-08-06', 'Auto checkout', '2025-08-10 14:16:00', '2025-08-10 14:16:00'),
(1052, 54, 1, 1, NULL, NULL, '2025-08-07 07:48:00', '2025-08-07 17:04:00', 9.27, '2025-08-07', 'Auto checkout', '2025-08-10 14:16:00', '2025-08-10 14:16:00'),
(1053, 55, 1, 1, NULL, NULL, '2025-07-01 07:46:00', '2025-07-01 16:40:00', 8.90, '2025-07-01', 'Manual attendance', '2025-08-10 14:16:00', '2025-08-10 14:16:00'),
(1054, 55, 1, 3, NULL, NULL, '2025-07-02 00:00:00', NULL, 0.00, '2025-07-02', 'Absent', '2025-08-10 14:16:00', '2025-08-10 14:16:00'),
(1055, 55, 1, 1, NULL, NULL, '2025-07-03 08:01:00', '2025-07-03 17:04:00', 9.05, '2025-07-03', 'Auto checkout', '2025-08-10 14:16:00', '2025-08-10 14:16:00'),
(1056, 55, 3, 1, NULL, NULL, '2025-07-04 08:03:00', '2025-07-04 17:04:00', 9.02, '2025-07-04', 'Auto checkout', '2025-08-10 14:16:00', '2025-08-10 14:16:00'),
(1058, 55, 1, 1, NULL, NULL, '2025-07-08 07:47:00', '2025-07-08 17:01:00', 9.23, '2025-07-08', 'Auto checkout', '2025-08-10 14:16:00', '2025-08-10 14:16:00'),
(1059, 55, 1, 1, NULL, NULL, '2025-07-09 08:11:00', '2025-07-09 17:06:00', 8.92, '2025-07-09', 'Manual attendance', '2025-08-10 14:16:00', '2025-08-10 14:16:00'),
(1060, 55, 2, 2, NULL, NULL, '2025-07-10 08:20:00', '2025-07-10 16:59:00', 8.65, '2025-07-10', 'Auto checkout', '2025-08-10 14:16:00', '2025-08-10 14:16:00'),
(1061, 55, 1, 1, NULL, NULL, '2025-07-11 07:48:00', '2025-07-11 17:57:00', 10.15, '2025-07-11', 'Manual attendance', '2025-08-10 14:16:00', '2025-08-10 14:16:00'),
(1063, 55, 1, 2, NULL, NULL, '2025-07-15 08:23:00', '2025-07-15 16:58:00', 8.58, '2025-07-15', 'Auto checkout', '2025-08-10 14:16:00', '2025-08-10 14:16:00'),
(1064, 55, 2, 2, NULL, NULL, '2025-07-16 08:14:00', '2025-07-16 16:49:00', 8.58, '2025-07-16', 'Manual attendance', '2025-08-10 14:16:00', '2025-08-10 14:16:00'),
(1065, 55, 1, 1, NULL, NULL, '2025-07-17 07:53:00', '2025-07-17 17:25:00', 9.53, '2025-07-17', 'Manual attendance', '2025-08-10 14:16:00', '2025-08-10 14:16:00'),
(1066, 55, 1, 3, NULL, NULL, '2025-07-18 00:00:00', NULL, 0.00, '2025-07-18', 'Absent', '2025-08-10 14:16:00', '2025-08-10 14:16:00'),
(1068, 55, 1, 1, NULL, NULL, '2025-07-22 08:13:00', '2025-07-22 17:06:00', 8.88, '2025-07-22', 'Manual attendance', '2025-08-10 14:16:00', '2025-08-10 14:16:00'),
(1069, 55, 1, 1, NULL, NULL, '2025-07-23 07:53:00', '2025-07-23 16:38:00', 8.75, '2025-07-23', 'Manual attendance', '2025-08-10 14:16:00', '2025-08-10 14:16:00'),
(1070, 55, 1, 1, NULL, NULL, '2025-07-24 07:59:00', '2025-07-24 17:14:00', 9.25, '2025-07-24', 'Manual attendance', '2025-08-10 14:16:00', '2025-08-10 14:16:00'),
(1071, 55, 1, 1, NULL, NULL, '2025-07-25 07:57:00', '2025-07-25 16:39:00', 8.70, '2025-07-25', 'Manual attendance', '2025-08-10 14:16:00', '2025-08-10 14:16:00'),
(1074, 55, 1, 1, NULL, NULL, '2025-07-29 08:00:00', '2025-07-29 17:44:00', 9.73, '2025-07-29', 'Manual attendance', '2025-08-10 14:16:00', '2025-08-10 14:16:00'),
(1075, 55, 1, 2, NULL, NULL, '2025-07-30 08:21:00', '2025-07-30 17:01:00', 8.67, '2025-07-30', 'Auto checkout', '2025-08-10 14:16:00', '2025-08-10 14:16:00'),
(1076, 55, 1, 1, NULL, NULL, '2025-07-31 08:04:00', '2025-07-31 16:40:00', 8.60, '2025-07-31', 'Manual attendance', '2025-08-10 14:16:00', '2025-08-10 14:16:00'),
(1077, 55, 1, 1, NULL, NULL, '2025-08-01 08:11:00', '2025-08-01 17:54:00', 9.72, '2025-08-01', 'Manual attendance', '2025-08-10 14:16:00', '2025-08-10 14:16:00'),
(1079, 55, 1, 1, NULL, NULL, '2025-08-04 08:10:00', '2025-08-04 16:59:00', 8.82, '2025-08-04', 'Auto checkout', '2025-08-10 14:16:00', '2025-08-10 14:16:00'),
(1080, 55, 2, 1, NULL, NULL, '2025-08-05 07:53:00', '2025-08-05 17:58:00', 10.08, '2025-08-05', 'Manual attendance', '2025-08-10 14:16:00', '2025-08-10 14:16:00'),
(1081, 55, 3, 1, NULL, NULL, '2025-08-06 08:06:00', '2025-08-06 17:45:00', 9.65, '2025-08-06', 'Manual attendance', '2025-08-10 14:16:00', '2025-08-10 14:16:00'),
(1082, 55, 1, 1, NULL, NULL, '2025-08-07 07:54:00', '2025-08-07 16:10:00', 8.27, '2025-08-07', 'Manual attendance', '2025-08-10 14:16:00', '2025-08-10 14:16:00'),
(1083, 56, 1, 1, NULL, NULL, '2025-07-01 08:04:00', '2025-07-01 17:44:00', 9.67, '2025-07-01', 'Manual attendance', '2025-08-10 14:16:00', '2025-08-10 14:16:00'),
(1084, 56, 1, 1, NULL, NULL, '2025-07-02 08:10:00', '2025-07-02 17:34:00', 9.40, '2025-07-02', 'Manual attendance', '2025-08-10 14:16:00', '2025-08-10 14:16:00'),
(1085, 56, 1, 1, NULL, NULL, '2025-07-03 07:49:00', '2025-07-03 17:53:00', 10.07, '2025-07-03', 'Manual attendance', '2025-08-10 14:16:00', '2025-08-10 14:16:00'),
(1086, 56, 1, 1, NULL, NULL, '2025-07-04 07:55:00', '2025-07-04 17:00:00', 9.08, '2025-07-04', 'Auto checkout', '2025-08-10 14:16:00', '2025-08-10 14:16:00'),
(1088, 56, 1, 1, NULL, NULL, '2025-07-08 07:55:00', '2025-07-08 16:57:00', 9.03, '2025-07-08', 'Auto checkout', '2025-08-10 14:16:00', '2025-08-10 14:16:00'),
(1089, 56, 1, 1, NULL, NULL, '2025-07-09 07:49:00', '2025-07-09 17:58:00', 10.15, '2025-07-09', 'Manual attendance', '2025-08-10 14:16:00', '2025-08-10 14:16:00'),
(1090, 56, 1, 1, NULL, NULL, '2025-07-10 07:59:00', '2025-07-10 16:55:00', 8.93, '2025-07-10', 'Auto checkout', '2025-08-10 14:16:00', '2025-08-10 14:16:00'),
(1091, 56, 1, 1, NULL, NULL, '2025-07-11 07:55:00', '2025-07-11 16:55:00', 9.00, '2025-07-11', 'Auto checkout', '2025-08-10 14:16:00', '2025-08-10 14:16:00'),
(1093, 56, 1, 1, NULL, NULL, '2025-07-15 08:00:00', '2025-07-15 16:44:00', 8.73, '2025-07-15', 'Manual attendance', '2025-08-10 14:16:00', '2025-08-10 14:16:00'),
(1094, 56, 1, 2, NULL, NULL, '2025-07-16 08:22:00', '2025-07-16 16:52:00', 8.50, '2025-07-16', 'Manual attendance', '2025-08-10 14:16:00', '2025-08-10 14:16:00'),
(1095, 56, 3, 2, NULL, NULL, '2025-07-17 08:16:00', '2025-07-17 17:19:00', 9.05, '2025-07-17', 'Manual attendance', '2025-08-10 14:16:00', '2025-08-10 14:16:00'),
(1096, 56, 3, 2, NULL, NULL, '2025-07-18 08:21:00', '2025-07-18 16:59:00', 8.63, '2025-07-18', 'Auto checkout', '2025-08-10 14:16:00', '2025-08-10 14:16:00'),
(1098, 56, 1, 2, NULL, NULL, '2025-07-22 08:23:00', '2025-07-22 17:01:00', 8.63, '2025-07-22', 'Auto checkout', '2025-08-10 14:16:00', '2025-08-10 14:16:00'),
(1099, 56, 1, 1, NULL, NULL, '2025-07-23 08:00:00', '2025-07-23 17:27:00', 9.45, '2025-07-23', 'Manual attendance', '2025-08-10 14:16:00', '2025-08-10 14:16:00'),
(1100, 56, 1, 1, NULL, NULL, '2025-07-24 08:14:00', '2025-07-24 16:55:00', 8.68, '2025-07-24', 'Auto checkout', '2025-08-10 14:16:00', '2025-08-10 14:16:00'),
(1101, 56, 1, 1, NULL, NULL, '2025-07-25 07:53:00', '2025-07-25 17:30:00', 9.62, '2025-07-25', 'Manual attendance', '2025-08-10 14:16:00', '2025-08-10 14:16:00'),
(1102, 56, 3, 1, NULL, NULL, '2025-07-26 08:12:00', '2025-07-26 17:02:00', 8.83, '2025-07-26', 'Auto checkout', '2025-08-10 14:16:00', '2025-08-10 14:16:00'),
(1103, 56, 1, 1, NULL, NULL, '2025-07-29 08:08:00', '2025-07-29 17:16:00', 9.13, '2025-07-29', 'Manual attendance', '2025-08-10 14:16:00', '2025-08-10 14:16:00'),
(1104, 56, 1, 1, NULL, NULL, '2025-07-30 07:50:00', '2025-07-30 17:51:00', 10.02, '2025-07-30', 'Manual attendance', '2025-08-10 14:16:00', '2025-08-10 14:16:00'),
(1105, 56, 1, 3, NULL, NULL, '2025-07-31 00:00:00', NULL, 0.00, '2025-07-31', 'Absent', '2025-08-10 14:16:00', '2025-08-10 14:16:00'),
(1106, 56, 2, 1, NULL, NULL, '2025-08-01 07:53:00', '2025-08-01 16:10:00', 8.28, '2025-08-01', 'Manual attendance', '2025-08-10 14:16:00', '2025-08-10 14:16:00'),
(1108, 56, 3, 1, NULL, NULL, '2025-08-05 08:12:00', '2025-08-05 16:20:00', 8.13, '2025-08-05', 'Manual attendance', '2025-08-10 14:16:00', '2025-08-10 14:16:00'),
(1109, 56, 1, 1, NULL, NULL, '2025-08-06 08:09:00', '2025-08-06 17:05:00', 8.93, '2025-08-06', 'Manual attendance', '2025-08-10 14:16:00', '2025-08-10 14:16:00'),
(1110, 56, 1, 1, NULL, NULL, '2025-08-07 08:14:00', '2025-08-07 16:49:00', 8.58, '2025-08-07', 'Manual attendance', '2025-08-10 14:16:00', '2025-08-10 14:16:00'),
(1111, 57, 3, 1, NULL, NULL, '2025-07-01 08:04:00', '2025-07-01 16:25:00', 8.35, '2025-07-01', 'Manual attendance', '2025-08-10 14:16:00', '2025-08-10 14:16:00'),
(1112, 57, 1, 1, NULL, NULL, '2025-07-02 07:52:00', '2025-07-02 16:57:00', 9.08, '2025-07-02', 'Auto checkout', '2025-08-10 14:16:00', '2025-08-10 14:16:00'),
(1113, 57, 1, 1, NULL, NULL, '2025-07-03 07:57:00', '2025-07-03 17:04:00', 9.12, '2025-07-03', 'Auto checkout', '2025-08-10 14:16:00', '2025-08-10 14:16:00'),
(1114, 57, 1, 1, NULL, NULL, '2025-07-04 08:06:00', '2025-07-04 16:37:00', 8.52, '2025-07-04', 'Manual attendance', '2025-08-10 14:16:00', '2025-08-10 14:16:00'),
(1117, 57, 3, 1, NULL, NULL, '2025-07-08 08:11:00', '2025-07-08 16:25:00', 8.23, '2025-07-08', 'Manual attendance', '2025-08-10 14:16:00', '2025-08-10 14:16:00'),
(1118, 57, 3, 1, NULL, NULL, '2025-07-09 07:49:00', '2025-07-09 17:01:00', 9.20, '2025-07-09', 'Auto checkout', '2025-08-10 14:16:00', '2025-08-10 14:16:00'),
(1119, 57, 1, 1, NULL, NULL, '2025-07-10 07:59:00', '2025-07-10 17:16:00', 9.28, '2025-07-10', 'Manual attendance', '2025-08-10 14:16:00', '2025-08-10 14:16:00'),
(1120, 57, 1, 1, NULL, NULL, '2025-07-11 08:08:00', '2025-07-11 16:57:00', 8.82, '2025-07-11', 'Auto checkout', '2025-08-10 14:16:00', '2025-08-10 14:16:00'),
(1122, 57, 1, 1, NULL, NULL, '2025-07-15 08:06:00', '2025-07-15 16:17:00', 8.18, '2025-07-15', 'Manual attendance', '2025-08-10 14:16:00', '2025-08-10 14:16:00'),
(1123, 57, 2, 2, NULL, NULL, '2025-07-16 08:17:00', '2025-07-16 17:02:00', 8.75, '2025-07-16', 'Auto checkout', '2025-08-10 14:16:00', '2025-08-10 14:16:00'),
(1124, 57, 1, 1, NULL, NULL, '2025-07-17 07:52:00', '2025-07-17 17:41:00', 9.82, '2025-07-17', 'Manual attendance', '2025-08-10 14:16:00', '2025-08-10 14:16:00'),
(1125, 57, 1, 1, NULL, NULL, '2025-07-18 07:58:00', '2025-07-18 16:38:00', 8.67, '2025-07-18', 'Manual attendance', '2025-08-10 14:16:00', '2025-08-10 14:16:00'),
(1127, 57, 1, 1, NULL, NULL, '2025-07-22 08:00:00', '2025-07-22 16:57:00', 8.95, '2025-07-22', 'Auto checkout', '2025-08-10 14:16:00', '2025-08-10 14:16:00'),
(1128, 57, 1, 1, NULL, NULL, '2025-07-23 07:47:00', '2025-07-23 16:11:00', 8.40, '2025-07-23', 'Manual attendance', '2025-08-10 14:16:00', '2025-08-10 14:16:00'),
(1129, 57, 1, 1, NULL, NULL, '2025-07-24 08:11:00', '2025-07-24 17:04:00', 8.88, '2025-07-24', 'Auto checkout', '2025-08-10 14:16:00', '2025-08-10 14:16:00'),
(1130, 57, 1, 1, NULL, NULL, '2025-07-25 08:13:00', '2025-07-25 16:15:00', 8.03, '2025-07-25', 'Manual attendance', '2025-08-10 14:16:00', '2025-08-10 14:16:00'),
(1133, 57, 1, 1, NULL, NULL, '2025-07-29 08:00:00', '2025-07-29 17:28:00', 9.47, '2025-07-29', 'Manual attendance', '2025-08-10 14:16:00', '2025-08-10 14:16:00'),
(1134, 57, 3, 1, NULL, NULL, '2025-07-30 07:53:00', '2025-07-30 16:11:00', 8.30, '2025-07-30', 'Manual attendance', '2025-08-10 14:16:00', '2025-08-10 14:16:00'),
(1135, 57, 1, 1, NULL, NULL, '2025-07-31 08:04:00', '2025-07-31 16:56:00', 8.87, '2025-07-31', 'Auto checkout', '2025-08-10 14:16:00', '2025-08-10 14:16:00'),
(1136, 57, 3, 1, NULL, NULL, '2025-08-01 08:01:00', '2025-08-01 17:06:00', 9.08, '2025-08-01', 'Manual attendance', '2025-08-10 14:16:00', '2025-08-10 14:16:00'),
(1138, 57, 3, 2, NULL, NULL, '2025-08-03 08:09:00', '2025-08-03 16:59:00', 8.83, '2025-08-03', 'Auto checkout', '2025-08-10 14:16:00', '2025-08-10 14:16:00'),
(1139, 57, 1, 1, NULL, NULL, '2025-08-05 07:59:00', '2025-08-05 17:03:00', 9.07, '2025-08-05', 'Auto checkout', '2025-08-10 14:16:00', '2025-08-10 14:16:00'),
(1140, 57, 1, 1, NULL, NULL, '2025-08-06 07:58:00', '2025-08-06 16:28:00', 8.50, '2025-08-06', 'Manual attendance', '2025-08-10 14:16:00', '2025-08-10 14:16:00'),
(1141, 57, 1, 1, NULL, NULL, '2025-08-07 08:14:00', '2025-08-07 16:45:00', 8.52, '2025-08-07', 'Manual attendance', '2025-08-10 14:16:00', '2025-08-10 14:16:00'),
(1142, 58, 2, 1, NULL, NULL, '2025-07-01 08:06:00', '2025-07-01 17:08:00', 9.03, '2025-07-01', 'Manual attendance', '2025-08-10 14:16:00', '2025-08-10 14:16:00'),
(1143, 58, 1, 1, NULL, NULL, '2025-07-02 07:49:00', '2025-07-02 17:02:00', 9.22, '2025-07-02', 'Auto checkout', '2025-08-10 14:16:00', '2025-08-10 14:16:00'),
(1144, 58, 1, 2, NULL, NULL, '2025-07-03 08:21:00', '2025-07-03 17:54:00', 9.55, '2025-07-03', 'Manual attendance', '2025-08-10 14:16:00', '2025-08-10 14:16:00'),
(1145, 58, 1, 1, NULL, NULL, '2025-07-04 08:03:00', '2025-07-04 16:12:00', 8.15, '2025-07-04', 'Manual attendance', '2025-08-10 14:16:00', '2025-08-10 14:16:00'),
(1147, 58, 2, 1, NULL, NULL, '2025-07-08 08:10:00', '2025-07-08 16:05:00', 7.92, '2025-07-08', 'Manual attendance', '2025-08-10 14:16:00', '2025-08-10 14:16:00'),
(1148, 58, 2, 1, NULL, NULL, '2025-07-09 07:57:00', '2025-07-09 17:43:00', 9.77, '2025-07-09', 'Manual attendance', '2025-08-10 14:16:00', '2025-08-10 14:16:00'),
(1149, 58, 3, 1, NULL, NULL, '2025-07-10 08:02:00', '2025-07-10 16:55:00', 8.88, '2025-07-10', 'Auto checkout', '2025-08-10 14:16:00', '2025-08-10 14:16:00'),
(1150, 58, 2, 1, NULL, NULL, '2025-07-11 07:50:00', '2025-07-11 16:00:00', 8.17, '2025-07-11', 'Manual attendance', '2025-08-10 14:16:00', '2025-08-10 14:16:00'),
(1151, 58, 3, 1, NULL, NULL, '2025-07-12 07:49:00', '2025-07-12 16:56:00', 9.12, '2025-07-12', 'Manual attendance', '2025-08-10 14:16:00', '2025-08-10 14:16:00'),
(1153, 58, 1, 1, NULL, NULL, '2025-07-15 07:55:00', '2025-07-15 16:11:00', 8.27, '2025-07-15', 'Manual attendance', '2025-08-10 14:16:00', '2025-08-10 14:16:00'),
(1154, 58, 1, 1, NULL, NULL, '2025-07-16 07:51:00', '2025-07-16 17:03:00', 9.20, '2025-07-16', 'Auto checkout', '2025-08-10 14:16:00', '2025-08-10 14:16:00'),
(1155, 58, 1, 1, NULL, NULL, '2025-07-17 08:13:00', '2025-07-17 16:07:00', 7.90, '2025-07-17', 'Manual attendance', '2025-08-10 14:16:00', '2025-08-10 14:16:00'),
(1156, 58, 1, 2, NULL, NULL, '2025-07-18 08:05:00', '2025-07-18 17:52:00', 9.78, '2025-07-18', 'Manual attendance', '2025-08-10 14:16:00', '2025-08-10 14:16:00'),
(1158, 58, 3, 1, NULL, NULL, '2025-07-22 08:04:00', '2025-07-22 17:25:00', 9.35, '2025-07-22', 'Manual attendance', '2025-08-10 14:16:00', '2025-08-10 14:16:00'),
(1159, 58, 1, 2, NULL, NULL, '2025-07-23 08:14:00', '2025-07-23 17:43:00', 9.48, '2025-07-23', 'Manual attendance', '2025-08-10 14:16:00', '2025-08-10 14:16:00'),
(1160, 58, 1, 1, NULL, NULL, '2025-07-24 08:00:00', '2025-07-24 17:10:00', 9.17, '2025-07-24', 'Manual attendance', '2025-08-10 14:16:00', '2025-08-10 14:16:00'),
(1161, 58, 1, 1, NULL, NULL, '2025-07-25 08:10:00', '2025-07-25 17:00:00', 8.83, '2025-07-25', 'Auto checkout', '2025-08-10 14:16:00', '2025-08-10 14:16:00'),
(1163, 58, 1, 1, NULL, NULL, '2025-07-29 07:53:00', '2025-07-29 17:02:00', 9.15, '2025-07-29', 'Auto checkout', '2025-08-10 14:16:00', '2025-08-10 14:16:00'),
(1164, 58, 1, 2, NULL, NULL, '2025-07-30 08:06:00', '2025-07-30 17:37:00', 9.52, '2025-07-30', 'Manual attendance', '2025-08-10 14:16:00', '2025-08-10 14:16:00'),
(1165, 58, 1, 1, NULL, NULL, '2025-07-31 07:49:00', '2025-07-31 17:10:00', 9.35, '2025-07-31', 'Manual attendance', '2025-08-10 14:16:00', '2025-08-10 14:16:00'),
(1166, 58, 1, 1, NULL, NULL, '2025-08-01 08:12:00', '2025-08-01 17:00:00', 8.80, '2025-08-01', 'Auto checkout', '2025-08-10 14:16:00', '2025-08-10 14:16:00'),
(1168, 58, 1, 1, NULL, NULL, '2025-08-05 07:49:00', '2025-08-05 17:01:00', 9.20, '2025-08-05', 'Auto checkout', '2025-08-10 14:16:00', '2025-08-10 14:16:00'),
(1169, 58, 1, 2, NULL, NULL, '2025-08-06 08:12:00', '2025-08-06 16:42:00', 8.50, '2025-08-06', 'Manual attendance', '2025-08-10 14:16:00', '2025-08-10 14:16:00'),
(1170, 58, 3, 1, NULL, NULL, '2025-08-07 07:50:00', '2025-08-07 17:35:00', 9.75, '2025-08-07', 'Manual attendance', '2025-08-10 14:16:00', '2025-08-10 14:16:00'),
(1171, 59, 1, 1, NULL, NULL, '2025-07-01 07:53:00', '2025-07-01 17:03:00', 9.17, '2025-07-01', 'Auto checkout', '2025-08-10 14:16:00', '2025-08-10 14:16:00'),
(1172, 59, 1, 1, NULL, NULL, '2025-07-02 08:11:00', '2025-07-02 16:15:00', 8.07, '2025-07-02', 'Manual attendance', '2025-08-10 14:16:00', '2025-08-10 14:16:00'),
(1173, 59, 1, 1, NULL, NULL, '2025-07-03 07:46:00', '2025-07-03 16:59:00', 9.22, '2025-07-03', 'Auto checkout', '2025-08-10 14:16:00', '2025-08-10 14:16:00'),
(1174, 59, 1, 1, NULL, NULL, '2025-07-04 08:11:00', '2025-07-04 16:05:00', 7.90, '2025-07-04', 'Manual attendance', '2025-08-10 14:16:00', '2025-08-10 14:16:00'),
(1176, 59, 3, 1, NULL, NULL, '2025-07-08 08:04:00', '2025-07-08 16:57:00', 8.88, '2025-07-08', 'Manual attendance', '2025-08-10 14:16:00', '2025-08-10 14:16:00'),
(1177, 59, 1, 1, NULL, NULL, '2025-07-09 08:02:00', '2025-07-09 17:59:00', 9.95, '2025-07-09', 'Manual attendance', '2025-08-10 14:16:00', '2025-08-10 14:16:00'),
(1178, 59, 1, 1, NULL, NULL, '2025-07-10 07:49:00', '2025-07-10 16:02:00', 8.22, '2025-07-10', 'Manual attendance', '2025-08-10 14:16:00', '2025-08-10 14:16:00'),
(1179, 59, 3, 1, NULL, NULL, '2025-07-11 08:05:00', '2025-07-11 16:48:00', 8.72, '2025-07-11', 'Manual attendance', '2025-08-10 14:16:00', '2025-08-10 14:16:00'),
(1182, 59, 3, 1, NULL, NULL, '2025-07-15 08:04:00', '2025-07-15 17:28:00', 9.40, '2025-07-15', 'Manual attendance', '2025-08-10 14:16:00', '2025-08-10 14:16:00'),
(1183, 59, 3, 1, NULL, NULL, '2025-07-16 07:58:00', '2025-07-16 16:59:00', 9.02, '2025-07-16', 'Manual attendance', '2025-08-10 14:16:00', '2025-08-10 14:16:00'),
(1184, 59, 2, 1, NULL, NULL, '2025-07-17 07:46:00', '2025-07-17 17:03:00', 9.28, '2025-07-17', 'Auto checkout', '2025-08-10 14:16:00', '2025-08-10 14:16:00'),
(1185, 59, 1, 1, NULL, NULL, '2025-07-18 07:52:00', '2025-07-18 16:25:00', 8.55, '2025-07-18', 'Manual attendance', '2025-08-10 14:16:00', '2025-08-10 14:16:00'),
(1188, 59, 1, 1, NULL, NULL, '2025-07-22 07:51:00', '2025-07-22 17:12:00', 9.35, '2025-07-22', 'Manual attendance', '2025-08-10 14:16:00', '2025-08-10 14:16:00'),
(1189, 59, 1, 1, NULL, NULL, '2025-07-23 08:10:00', '2025-07-23 17:04:00', 8.90, '2025-07-23', 'Auto checkout', '2025-08-10 14:16:00', '2025-08-10 14:16:00'),
(1190, 59, 1, 1, NULL, NULL, '2025-07-24 08:07:00', '2025-07-24 17:22:00', 9.25, '2025-07-24', 'Manual attendance', '2025-08-10 14:16:00', '2025-08-10 14:16:00'),
(1191, 59, 1, 1, NULL, NULL, '2025-07-25 07:57:00', '2025-07-25 17:40:00', 9.72, '2025-07-25', 'Manual attendance', '2025-08-10 14:16:00', '2025-08-10 14:16:00'),
(1193, 59, 1, 1, NULL, NULL, '2025-07-29 07:58:00', '2025-07-29 17:52:00', 9.90, '2025-07-29', 'Manual attendance', '2025-08-10 14:16:00', '2025-08-10 14:16:00'),
(1194, 59, 1, 3, NULL, NULL, '2025-07-30 00:00:00', NULL, 0.00, '2025-07-30', 'Absent', '2025-08-10 14:16:00', '2025-08-10 14:16:00'),
(1195, 59, 3, 1, NULL, NULL, '2025-07-31 07:57:00', '2025-07-31 17:01:00', 9.07, '2025-07-31', 'Manual attendance', '2025-08-10 14:16:00', '2025-08-10 14:16:00'),
(1196, 59, 3, 1, NULL, NULL, '2025-08-01 07:49:00', '2025-08-01 17:34:00', 9.75, '2025-08-01', 'Manual attendance', '2025-08-10 14:16:00', '2025-08-10 14:16:00'),
(1198, 59, 1, 1, NULL, NULL, '2025-08-05 08:02:00', '2025-08-05 16:57:00', 8.92, '2025-08-05', 'Auto checkout', '2025-08-10 14:16:00', '2025-08-10 14:16:00'),
(1199, 59, 1, 1, NULL, NULL, '2025-08-06 07:51:00', '2025-08-06 17:28:00', 9.62, '2025-08-06', 'Manual attendance', '2025-08-10 14:16:00', '2025-08-10 14:16:00'),
(1200, 59, 1, 1, NULL, NULL, '2025-08-07 08:04:00', '2025-08-07 16:40:00', 8.60, '2025-08-07', 'Manual attendance', '2025-08-10 14:16:00', '2025-08-10 14:16:00'),
(1201, 60, 1, 1, NULL, NULL, '2025-07-01 08:01:00', '2025-07-01 17:27:00', 9.43, '2025-07-01', 'Manual attendance', '2025-08-10 14:16:00', '2025-08-10 14:16:00'),
(1202, 60, 3, 1, NULL, NULL, '2025-07-02 07:45:00', '2025-07-02 16:59:00', 9.23, '2025-07-02', 'Auto checkout', '2025-08-10 14:16:00', '2025-08-10 14:16:00'),
(1203, 60, 2, 1, NULL, NULL, '2025-07-03 07:55:00', '2025-07-03 17:30:00', 9.58, '2025-07-03', 'Manual attendance', '2025-08-10 14:16:00', '2025-08-10 14:16:00'),
(1204, 60, 3, 1, NULL, NULL, '2025-07-04 07:56:00', '2025-07-04 17:42:00', 9.77, '2025-07-04', 'Manual attendance', '2025-08-10 14:16:00', '2025-08-10 14:16:00'),
(1205, 60, 3, 1, NULL, NULL, '2025-07-05 07:47:00', '2025-07-05 16:58:00', 9.18, '2025-07-05', 'Auto checkout', '2025-08-10 14:16:01', '2025-08-10 14:16:01'),
(1206, 60, 1, 1, NULL, NULL, '2025-07-08 07:47:00', '2025-07-08 17:01:00', 9.23, '2025-07-08', 'Auto checkout', '2025-08-10 14:16:01', '2025-08-10 14:16:01'),
(1207, 60, 1, 1, NULL, NULL, '2025-07-09 08:14:00', '2025-07-09 16:59:00', 8.75, '2025-07-09', 'Auto checkout', '2025-08-10 14:16:01', '2025-08-10 14:16:01'),
(1208, 60, 1, 1, NULL, NULL, '2025-07-10 07:53:00', '2025-07-10 17:21:00', 9.47, '2025-07-10', 'Manual attendance', '2025-08-10 14:16:01', '2025-08-10 14:16:01'),
(1209, 60, 2, 1, NULL, NULL, '2025-07-11 07:54:00', '2025-07-11 17:04:00', 9.17, '2025-07-11', 'Auto checkout', '2025-08-10 14:16:01', '2025-08-10 14:16:01'),
(1211, 60, 1, 1, NULL, NULL, '2025-07-15 08:04:00', '2025-07-15 16:12:00', 8.13, '2025-07-15', 'Manual attendance', '2025-08-10 14:16:01', '2025-08-10 14:16:01'),
(1212, 60, 1, 1, NULL, NULL, '2025-07-16 07:59:00', '2025-07-16 17:10:00', 9.18, '2025-07-16', 'Manual attendance', '2025-08-10 14:16:01', '2025-08-10 14:16:01'),
(1213, 60, 2, 1, NULL, NULL, '2025-07-17 08:03:00', '2025-07-17 16:48:00', 8.75, '2025-07-17', 'Manual attendance', '2025-08-10 14:16:01', '2025-08-10 14:16:01'),
(1214, 60, 1, 1, NULL, NULL, '2025-07-18 07:56:00', '2025-07-18 16:03:00', 8.12, '2025-07-18', 'Manual attendance', '2025-08-10 14:16:01', '2025-08-10 14:16:01'),
(1216, 60, 1, 1, NULL, NULL, '2025-07-22 08:01:00', '2025-07-22 16:26:00', 8.42, '2025-07-22', 'Manual attendance', '2025-08-10 14:16:01', '2025-08-10 14:16:01'),
(1217, 60, 1, 1, NULL, NULL, '2025-07-23 07:59:00', '2025-07-23 16:59:00', 9.00, '2025-07-23', 'Auto checkout', '2025-08-10 14:16:01', '2025-08-10 14:16:01'),
(1218, 60, 2, 1, NULL, NULL, '2025-07-24 08:00:00', '2025-07-24 16:20:00', 8.33, '2025-07-24', 'Manual attendance', '2025-08-10 14:16:01', '2025-08-10 14:16:01'),
(1219, 60, 1, 1, NULL, NULL, '2025-07-25 08:11:00', '2025-07-25 17:07:00', 8.93, '2025-07-25', 'Manual attendance', '2025-08-10 14:16:01', '2025-08-10 14:16:01'),
(1221, 60, 1, 1, NULL, NULL, '2025-07-29 07:56:00', '2025-07-29 17:02:00', 9.10, '2025-07-29', 'Auto checkout', '2025-08-10 14:16:01', '2025-08-10 14:16:01'),
(1222, 60, 3, 1, NULL, NULL, '2025-07-30 08:14:00', '2025-07-30 17:25:00', 9.18, '2025-07-30', 'Manual attendance', '2025-08-10 14:16:01', '2025-08-10 14:16:01'),
(1223, 60, 1, 1, NULL, NULL, '2025-07-31 08:02:00', '2025-07-31 16:40:00', 8.63, '2025-07-31', 'Manual attendance', '2025-08-10 14:16:01', '2025-08-10 14:16:01'),
(1224, 60, 1, 1, NULL, NULL, '2025-08-01 07:49:00', '2025-08-01 17:08:00', 9.32, '2025-08-01', 'Manual attendance', '2025-08-10 14:16:01', '2025-08-10 14:16:01'),
(1226, 60, 1, 1, NULL, NULL, '2025-08-05 08:08:00', '2025-08-05 17:27:00', 9.32, '2025-08-05', 'Manual attendance', '2025-08-10 14:16:01', '2025-08-10 14:16:01'),
(1227, 60, 3, 1, NULL, NULL, '2025-08-06 08:01:00', '2025-08-06 17:19:00', 9.30, '2025-08-06', 'Manual attendance', '2025-08-10 14:16:01', '2025-08-10 14:16:01'),
(1228, 60, 1, 1, NULL, NULL, '2025-08-07 07:45:00', '2025-08-07 16:34:00', 8.82, '2025-08-07', 'Manual attendance', '2025-08-10 14:16:01', '2025-08-10 14:16:01'),
(1229, 61, 1, 1, NULL, NULL, '2025-07-01 07:57:00', '2025-07-01 16:29:00', 8.53, '2025-07-01', 'Manual attendance', '2025-08-10 14:16:01', '2025-08-10 14:16:01'),
(1230, 61, 1, 1, NULL, NULL, '2025-07-02 08:07:00', '2025-07-02 16:07:00', 8.00, '2025-07-02', 'Manual attendance', '2025-08-10 14:16:01', '2025-08-10 14:16:01'),
(1231, 61, 1, 1, NULL, NULL, '2025-07-03 08:11:00', '2025-07-03 17:56:00', 9.75, '2025-07-03', 'Manual attendance', '2025-08-10 14:16:01', '2025-08-10 14:16:01'),
(1232, 61, 1, 3, NULL, NULL, '2025-07-04 00:00:00', NULL, 0.00, '2025-07-04', 'Absent', '2025-08-10 14:16:01', '2025-08-10 14:16:01'),
(1234, 61, 1, 1, NULL, NULL, '2025-07-08 07:45:00', '2025-07-08 17:00:00', 9.25, '2025-07-08', 'Auto checkout', '2025-08-10 14:16:01', '2025-08-10 14:16:01'),
(1235, 61, 3, 1, NULL, NULL, '2025-07-09 08:05:00', '2025-07-09 17:01:00', 8.93, '2025-07-09', 'Auto checkout', '2025-08-10 14:16:01', '2025-08-10 14:16:01'),
(1236, 61, 1, 3, NULL, NULL, '2025-07-10 00:00:00', NULL, 0.00, '2025-07-10', 'Absent', '2025-08-10 14:16:01', '2025-08-10 14:16:01'),
(1237, 61, 1, 1, NULL, NULL, '2025-07-11 07:53:00', '2025-07-11 17:01:00', 9.13, '2025-07-11', 'Manual attendance', '2025-08-10 14:16:01', '2025-08-10 14:16:01'),
(1240, 61, 1, 1, NULL, NULL, '2025-07-15 07:57:00', '2025-07-15 16:56:00', 8.98, '2025-07-15', 'Auto checkout', '2025-08-10 14:16:01', '2025-08-10 14:16:01'),
(1241, 61, 1, 1, NULL, NULL, '2025-07-16 07:45:00', '2025-07-16 17:22:00', 9.62, '2025-07-16', 'Manual attendance', '2025-08-10 14:16:01', '2025-08-10 14:16:01'),
(1242, 61, 1, 1, NULL, NULL, '2025-07-17 07:49:00', '2025-07-17 17:58:00', 10.15, '2025-07-17', 'Manual attendance', '2025-08-10 14:16:01', '2025-08-10 14:16:01'),
(1243, 61, 3, 1, NULL, NULL, '2025-07-18 08:12:00', '2025-07-18 16:58:00', 8.77, '2025-07-18', 'Manual attendance', '2025-08-10 14:16:01', '2025-08-10 14:16:01'),
(1245, 61, 3, 1, NULL, NULL, '2025-07-22 07:47:00', '2025-07-22 17:04:00', 9.28, '2025-07-22', 'Auto checkout', '2025-08-10 14:16:01', '2025-08-10 14:16:01'),
(1246, 61, 1, 1, NULL, NULL, '2025-07-23 07:55:00', '2025-07-23 16:48:00', 8.88, '2025-07-23', 'Manual attendance', '2025-08-10 14:16:01', '2025-08-10 14:16:01'),
(1247, 61, 1, 1, NULL, NULL, '2025-07-24 08:14:00', '2025-07-24 16:56:00', 8.70, '2025-07-24', 'Auto checkout', '2025-08-10 14:16:01', '2025-08-10 14:16:01'),
(1248, 61, 3, 1, NULL, NULL, '2025-07-25 08:00:00', '2025-07-25 17:44:00', 9.73, '2025-07-25', 'Manual attendance', '2025-08-10 14:16:01', '2025-08-10 14:16:01'),
(1250, 61, 3, 1, NULL, NULL, '2025-07-27 07:56:00', '2025-07-27 16:57:00', 9.02, '2025-07-27', 'Auto checkout', '2025-08-10 14:16:01', '2025-08-10 14:16:01'),
(1251, 61, 1, 1, NULL, NULL, '2025-07-29 08:05:00', '2025-07-29 16:01:00', 7.93, '2025-07-29', 'Manual attendance', '2025-08-10 14:16:01', '2025-08-10 14:16:01'),
(1252, 61, 1, 1, NULL, NULL, '2025-07-30 07:45:00', '2025-07-30 17:38:00', 9.88, '2025-07-30', 'Manual attendance', '2025-08-10 14:16:01', '2025-08-10 14:16:01'),
(1253, 61, 1, 1, NULL, NULL, '2025-07-31 08:00:00', '2025-07-31 16:51:00', 8.85, '2025-07-31', 'Manual attendance', '2025-08-10 14:16:01', '2025-08-10 14:16:01'),
(1254, 61, 1, 1, NULL, NULL, '2025-08-01 08:10:00', '2025-08-01 17:48:00', 9.63, '2025-08-01', 'Manual attendance', '2025-08-10 14:16:01', '2025-08-10 14:16:01'),
(1256, 61, 1, 1, NULL, NULL, '2025-08-05 07:56:00', '2025-08-05 16:59:00', 9.05, '2025-08-05', 'Manual attendance', '2025-08-10 14:16:01', '2025-08-10 14:16:01'),
(1257, 61, 1, 1, NULL, NULL, '2025-08-06 07:59:00', '2025-08-06 16:05:00', 8.10, '2025-08-06', 'Manual attendance', '2025-08-10 14:16:01', '2025-08-10 14:16:01'),
(1258, 61, 3, 1, NULL, NULL, '2025-08-07 07:55:00', '2025-08-07 16:58:00', 9.05, '2025-08-07', 'Manual attendance', '2025-08-10 14:16:01', '2025-08-10 14:16:01'),
(1259, 62, 1, 1, NULL, NULL, '2025-07-01 07:57:00', '2025-07-01 17:00:00', 9.05, '2025-07-01', 'Manual attendance', '2025-08-10 14:16:01', '2025-08-10 14:16:01'),
(1260, 62, 1, 1, NULL, NULL, '2025-07-02 07:54:00', '2025-07-02 17:31:00', 9.62, '2025-07-02', 'Manual attendance', '2025-08-10 14:16:01', '2025-08-10 14:16:01'),
(1261, 62, 1, 1, NULL, NULL, '2025-07-03 07:58:00', '2025-07-03 17:00:00', 9.03, '2025-07-03', 'Auto checkout', '2025-08-10 14:16:01', '2025-08-10 14:16:01'),
(1262, 62, 1, 1, NULL, NULL, '2025-07-04 08:12:00', '2025-07-04 16:58:00', 8.77, '2025-07-04', 'Auto checkout', '2025-08-10 14:16:01', '2025-08-10 14:16:01'),
(1264, 62, 1, 1, NULL, NULL, '2025-07-07 08:14:00', '2025-07-07 17:00:00', 8.77, '2025-07-07', 'Auto checkout', '2025-08-10 14:16:01', '2025-08-10 14:16:01'),
(1265, 62, 2, 1, NULL, NULL, '2025-07-08 07:56:00', '2025-07-08 16:44:00', 8.80, '2025-07-08', 'Manual attendance', '2025-08-10 14:16:01', '2025-08-10 14:16:01'),
(1266, 62, 2, 1, NULL, NULL, '2025-07-09 08:02:00', '2025-07-09 16:56:00', 8.90, '2025-07-09', 'Auto checkout', '2025-08-10 14:16:01', '2025-08-10 14:16:01'),
(1267, 62, 3, 1, NULL, NULL, '2025-07-10 07:49:00', '2025-07-10 16:59:00', 9.17, '2025-07-10', 'Auto checkout', '2025-08-10 14:16:01', '2025-08-10 14:16:01'),
(1268, 62, 1, 1, NULL, NULL, '2025-07-11 07:45:00', '2025-07-11 16:51:00', 9.10, '2025-07-11', 'Manual attendance', '2025-08-10 14:16:01', '2025-08-10 14:16:01'),
(1270, 62, 1, 1, NULL, NULL, '2025-07-14 08:02:00', '2025-07-14 17:03:00', 9.02, '2025-07-14', 'Auto checkout', '2025-08-10 14:16:01', '2025-08-10 14:16:01'),
(1271, 62, 3, 1, NULL, NULL, '2025-07-15 08:13:00', '2025-07-15 16:39:00', 8.43, '2025-07-15', 'Manual attendance', '2025-08-10 14:16:01', '2025-08-10 14:16:01'),
(1272, 62, 3, 1, NULL, NULL, '2025-07-16 08:03:00', '2025-07-16 17:53:00', 9.83, '2025-07-16', 'Manual attendance', '2025-08-10 14:16:01', '2025-08-10 14:16:01'),
(1273, 62, 1, 1, NULL, NULL, '2025-07-17 07:58:00', '2025-07-17 16:58:00', 9.00, '2025-07-17', 'Auto checkout', '2025-08-10 14:16:01', '2025-08-10 14:16:01'),
(1274, 62, 1, 1, NULL, NULL, '2025-07-18 07:47:00', '2025-07-18 16:57:00', 9.17, '2025-07-18', 'Auto checkout', '2025-08-10 14:16:01', '2025-08-10 14:16:01'),
(1276, 62, 1, 1, NULL, NULL, '2025-07-22 07:58:00', '2025-07-22 16:56:00', 8.97, '2025-07-22', 'Auto checkout', '2025-08-10 14:16:01', '2025-08-10 14:16:01'),
(1277, 62, 1, 1, NULL, NULL, '2025-07-23 07:50:00', '2025-07-23 17:03:00', 9.22, '2025-07-23', 'Auto checkout', '2025-08-10 14:16:01', '2025-08-10 14:16:01'),
(1278, 62, 3, 1, NULL, NULL, '2025-07-24 08:14:00', '2025-07-24 17:21:00', 9.12, '2025-07-24', 'Manual attendance', '2025-08-10 14:16:01', '2025-08-10 14:16:01'),
(1279, 62, 1, 1, NULL, NULL, '2025-07-25 07:45:00', '2025-07-25 16:57:00', 9.20, '2025-07-25', 'Auto checkout', '2025-08-10 14:16:01', '2025-08-10 14:16:01'),
(1281, 62, 2, 1, NULL, NULL, '2025-07-29 07:57:00', '2025-07-29 16:56:00', 8.98, '2025-07-29', 'Auto checkout', '2025-08-10 14:16:01', '2025-08-10 14:16:01'),
(1282, 62, 1, 1, NULL, NULL, '2025-07-30 07:56:00', '2025-07-30 16:58:00', 9.03, '2025-07-30', 'Auto checkout', '2025-08-10 14:16:01', '2025-08-10 14:16:01'),
(1283, 62, 1, 1, NULL, NULL, '2025-07-31 08:04:00', '2025-07-31 16:58:00', 8.90, '2025-07-31', 'Auto checkout', '2025-08-10 14:16:01', '2025-08-10 14:16:01'),
(1284, 62, 1, 1, NULL, NULL, '2025-08-01 08:14:00', '2025-08-01 17:01:00', 8.78, '2025-08-01', 'Auto checkout', '2025-08-10 14:16:01', '2025-08-10 14:16:01'),
(1285, 62, 3, 1, NULL, NULL, '2025-08-02 08:06:00', '2025-08-02 17:19:00', 9.22, '2025-08-02', 'Manual attendance', '2025-08-10 14:16:01', '2025-08-10 14:16:01'),
(1286, 62, 1, 1, NULL, NULL, '2025-08-05 08:14:00', '2025-08-05 16:55:00', 8.68, '2025-08-05', 'Manual attendance', '2025-08-10 14:16:01', '2025-08-10 14:16:01'),
(1287, 62, 1, 1, NULL, NULL, '2025-08-06 07:54:00', '2025-08-06 17:03:00', 9.15, '2025-08-06', 'Manual attendance', '2025-08-10 14:16:01', '2025-08-10 14:16:01'),
(1288, 62, 2, 1, NULL, NULL, '2025-08-07 07:55:00', '2025-08-07 17:11:00', 9.27, '2025-08-07', 'Manual attendance', '2025-08-10 14:16:01', '2025-08-10 14:16:01');
INSERT INTO `attendance` (`id_attendance`, `user_id`, `category_id`, `status_id`, `location_id`, `booking_id`, `time_in`, `time_out`, `work_hour`, `attendance_date`, `notes`, `created_at`, `updated_at`) VALUES
(1289, 63, 1, 1, NULL, NULL, '2025-07-01 07:51:00', '2025-07-01 17:01:00', 9.17, '2025-07-01', 'Auto checkout', '2025-08-10 14:16:01', '2025-08-10 14:16:01'),
(1290, 63, 1, 1, NULL, NULL, '2025-07-02 08:11:00', '2025-07-02 16:47:00', 8.60, '2025-07-02', 'Manual attendance', '2025-08-10 14:16:01', '2025-08-10 14:16:01'),
(1291, 63, 1, 3, NULL, NULL, '2025-07-03 00:00:00', NULL, 0.00, '2025-07-03', 'Absent', '2025-08-10 14:16:01', '2025-08-10 14:16:01'),
(1292, 63, 1, 1, NULL, NULL, '2025-07-04 07:53:00', '2025-07-04 17:01:00', 9.13, '2025-07-04', 'Auto checkout', '2025-08-10 14:16:01', '2025-08-10 14:16:01'),
(1294, 63, 3, 1, NULL, NULL, '2025-07-08 07:55:00', '2025-07-08 17:02:00', 9.12, '2025-07-08', 'Auto checkout', '2025-08-10 14:16:01', '2025-08-10 14:16:01'),
(1295, 63, 1, 1, NULL, NULL, '2025-07-09 07:52:00', '2025-07-09 17:02:00', 9.17, '2025-07-09', 'Auto checkout', '2025-08-10 14:16:01', '2025-08-10 14:16:01'),
(1296, 63, 1, 1, NULL, NULL, '2025-07-10 07:56:00', '2025-07-10 16:56:00', 9.00, '2025-07-10', 'Auto checkout', '2025-08-10 14:16:01', '2025-08-10 14:16:01'),
(1297, 63, 3, 1, NULL, NULL, '2025-07-11 07:47:00', '2025-07-11 17:09:00', 9.37, '2025-07-11', 'Manual attendance', '2025-08-10 14:16:01', '2025-08-10 14:16:01'),
(1299, 63, 1, 2, NULL, NULL, '2025-07-15 08:20:00', '2025-07-15 17:20:00', 9.00, '2025-07-15', 'Manual attendance', '2025-08-10 14:16:01', '2025-08-10 14:16:01'),
(1300, 63, 1, 1, NULL, NULL, '2025-07-16 07:52:00', '2025-07-16 16:26:00', 8.57, '2025-07-16', 'Manual attendance', '2025-08-10 14:16:01', '2025-08-10 14:16:01'),
(1301, 63, 1, 1, NULL, NULL, '2025-07-17 07:50:00', '2025-07-17 16:56:00', 9.10, '2025-07-17', 'Auto checkout', '2025-08-10 14:16:01', '2025-08-10 14:16:01'),
(1302, 63, 1, 1, NULL, NULL, '2025-07-18 07:48:00', '2025-07-18 16:26:00', 8.63, '2025-07-18', 'Manual attendance', '2025-08-10 14:16:01', '2025-08-10 14:16:01'),
(1304, 63, 3, 1, NULL, NULL, '2025-07-22 07:59:00', '2025-07-22 16:48:00', 8.82, '2025-07-22', 'Manual attendance', '2025-08-10 14:16:01', '2025-08-10 14:16:01'),
(1305, 63, 1, 1, NULL, NULL, '2025-07-23 07:47:00', '2025-07-23 17:10:00', 9.38, '2025-07-23', 'Manual attendance', '2025-08-10 14:16:01', '2025-08-10 14:16:01'),
(1306, 63, 3, 1, NULL, NULL, '2025-07-24 07:49:00', '2025-07-24 16:30:00', 8.68, '2025-07-24', 'Manual attendance', '2025-08-10 14:16:01', '2025-08-10 14:16:01'),
(1307, 63, 1, 1, NULL, NULL, '2025-07-25 08:08:00', '2025-07-25 16:15:00', 8.12, '2025-07-25', 'Manual attendance', '2025-08-10 14:16:01', '2025-08-10 14:16:01'),
(1309, 63, 1, 2, NULL, NULL, '2025-07-29 08:10:00', '2025-07-29 16:20:00', 8.17, '2025-07-29', 'Manual attendance', '2025-08-10 14:16:01', '2025-08-10 14:16:01'),
(1310, 63, 1, 1, NULL, NULL, '2025-07-30 07:55:00', '2025-07-30 16:43:00', 8.80, '2025-07-30', 'Manual attendance', '2025-08-10 14:16:01', '2025-08-10 14:16:01'),
(1311, 63, 1, 1, NULL, NULL, '2025-07-31 08:03:00', '2025-07-31 16:57:00', 8.90, '2025-07-31', 'Auto checkout', '2025-08-10 14:16:01', '2025-08-10 14:16:01'),
(1312, 63, 1, 1, NULL, NULL, '2025-08-01 07:58:00', '2025-08-01 17:00:00', 9.03, '2025-08-01', 'Auto checkout', '2025-08-10 14:16:01', '2025-08-10 14:16:01'),
(1314, 63, 1, 1, NULL, NULL, '2025-08-05 07:57:00', '2025-08-05 17:51:00', 9.90, '2025-08-05', 'Manual attendance', '2025-08-10 14:16:01', '2025-08-10 14:16:01'),
(1315, 63, 2, 1, NULL, NULL, '2025-08-06 08:05:00', '2025-08-06 16:58:00', 8.88, '2025-08-06', 'Auto checkout', '2025-08-10 14:16:01', '2025-08-10 14:16:01'),
(1316, 63, 1, 1, NULL, NULL, '2025-08-07 08:09:00', '2025-08-07 16:32:00', 8.38, '2025-08-07', 'Manual attendance', '2025-08-10 14:16:01', '2025-08-10 14:16:01'),
(1317, 64, 2, 1, NULL, NULL, '2025-07-01 08:14:00', '2025-07-01 17:03:00', 8.82, '2025-07-01', 'Auto checkout', '2025-08-10 14:16:01', '2025-08-10 14:16:01'),
(1318, 64, 1, 1, NULL, NULL, '2025-07-02 08:05:00', '2025-07-02 16:01:00', 7.93, '2025-07-02', 'Manual attendance', '2025-08-10 14:16:01', '2025-08-10 14:16:01'),
(1319, 64, 1, 1, NULL, NULL, '2025-07-03 08:02:00', '2025-07-03 16:28:00', 8.43, '2025-07-03', 'Manual attendance', '2025-08-10 14:16:01', '2025-08-10 14:16:01'),
(1320, 64, 1, 1, NULL, NULL, '2025-07-04 08:04:00', '2025-07-04 16:56:00', 8.87, '2025-07-04', 'Auto checkout', '2025-08-10 14:16:01', '2025-08-10 14:16:01'),
(1322, 64, 1, 1, NULL, NULL, '2025-07-07 08:06:00', '2025-07-07 16:58:00', 8.87, '2025-07-07', 'Auto checkout', '2025-08-10 14:16:01', '2025-08-10 14:16:01'),
(1323, 64, 3, 1, NULL, NULL, '2025-07-08 07:57:00', '2025-07-08 16:59:00', 9.03, '2025-07-08', 'Auto checkout', '2025-08-10 14:16:01', '2025-08-10 14:16:01'),
(1324, 64, 1, 1, NULL, NULL, '2025-07-09 07:50:00', '2025-07-09 16:38:00', 8.80, '2025-07-09', 'Manual attendance', '2025-08-10 14:16:01', '2025-08-10 14:16:01'),
(1325, 64, 1, 1, NULL, NULL, '2025-07-10 08:02:00', '2025-07-10 17:27:00', 9.42, '2025-07-10', 'Manual attendance', '2025-08-10 14:16:01', '2025-08-10 14:16:01'),
(1326, 64, 1, 1, NULL, NULL, '2025-07-11 07:59:00', '2025-07-11 16:59:00', 9.00, '2025-07-11', 'Auto checkout', '2025-08-10 14:16:01', '2025-08-10 14:16:01'),
(1327, 64, 3, 1, NULL, NULL, '2025-07-12 08:08:00', '2025-07-12 17:23:00', 9.25, '2025-07-12', 'Manual attendance', '2025-08-10 14:16:01', '2025-08-10 14:16:01'),
(1328, 64, 3, 1, NULL, NULL, '2025-07-15 07:50:00', '2025-07-15 16:56:00', 9.10, '2025-07-15', 'Auto checkout', '2025-08-10 14:16:01', '2025-08-10 14:16:01'),
(1329, 64, 1, 1, NULL, NULL, '2025-07-16 08:03:00', '2025-07-16 17:10:00', 9.12, '2025-07-16', 'Manual attendance', '2025-08-10 14:16:01', '2025-08-10 14:16:01'),
(1330, 64, 2, 1, NULL, NULL, '2025-07-17 08:09:00', '2025-07-17 17:01:00', 8.87, '2025-07-17', 'Auto checkout', '2025-08-10 14:16:01', '2025-08-10 14:16:01'),
(1331, 64, 2, 1, NULL, NULL, '2025-07-18 08:10:00', '2025-07-18 17:32:00', 9.37, '2025-07-18', 'Manual attendance', '2025-08-10 14:16:01', '2025-08-10 14:16:01'),
(1333, 64, 2, 1, NULL, NULL, '2025-07-22 08:02:00', '2025-07-22 17:02:00', 9.00, '2025-07-22', 'Auto checkout', '2025-08-10 14:16:01', '2025-08-10 14:16:01'),
(1334, 64, 3, 1, NULL, NULL, '2025-07-23 08:10:00', '2025-07-23 16:56:00', 8.77, '2025-07-23', 'Auto checkout', '2025-08-10 14:16:01', '2025-08-10 14:16:01'),
(1335, 64, 1, 1, NULL, NULL, '2025-07-24 07:49:00', '2025-07-24 16:13:00', 8.40, '2025-07-24', 'Manual attendance', '2025-08-10 14:16:01', '2025-08-10 14:16:01'),
(1336, 64, 2, 1, NULL, NULL, '2025-07-25 07:47:00', '2025-07-25 16:23:00', 8.60, '2025-07-25', 'Manual attendance', '2025-08-10 14:16:01', '2025-08-10 14:16:01'),
(1338, 64, 1, 1, NULL, NULL, '2025-07-29 07:46:00', '2025-07-29 17:59:00', 10.22, '2025-07-29', 'Manual attendance', '2025-08-10 14:16:01', '2025-08-10 14:16:01'),
(1339, 64, 1, 1, NULL, NULL, '2025-07-30 07:48:00', '2025-07-30 17:04:00', 9.27, '2025-07-30', 'Auto checkout', '2025-08-10 14:16:01', '2025-08-10 14:16:01'),
(1340, 64, 1, 1, NULL, NULL, '2025-07-31 07:48:00', '2025-07-31 16:55:00', 9.12, '2025-07-31', 'Auto checkout', '2025-08-10 14:16:01', '2025-08-10 14:16:01'),
(1341, 64, 1, 1, NULL, NULL, '2025-08-01 07:50:00', '2025-08-01 16:38:00', 8.80, '2025-08-01', 'Manual attendance', '2025-08-10 14:16:01', '2025-08-10 14:16:01'),
(1343, 64, 2, 1, NULL, NULL, '2025-08-05 07:52:00', '2025-08-05 16:58:00', 9.10, '2025-08-05', 'Auto checkout', '2025-08-10 14:16:01', '2025-08-10 14:16:01'),
(1344, 64, 2, 1, NULL, NULL, '2025-08-06 07:45:00', '2025-08-06 16:57:00', 9.20, '2025-08-06', 'Auto checkout', '2025-08-10 14:16:01', '2025-08-10 14:16:01'),
(1345, 64, 2, 1, NULL, NULL, '2025-08-07 07:55:00', '2025-08-07 16:57:00', 9.03, '2025-08-07', 'Auto checkout', '2025-08-10 14:16:01', '2025-08-10 14:16:01'),
(1346, 65, 1, 1, NULL, NULL, '2025-07-01 07:47:00', '2025-07-01 17:43:00', 9.93, '2025-07-01', 'Manual attendance', '2025-08-10 14:16:01', '2025-08-10 14:16:01'),
(1347, 65, 2, 1, NULL, NULL, '2025-07-02 08:05:00', '2025-07-02 16:56:00', 8.85, '2025-07-02', 'Auto checkout', '2025-08-10 14:16:01', '2025-08-10 14:16:01'),
(1348, 65, 1, 1, NULL, NULL, '2025-07-03 07:54:00', '2025-07-03 16:57:00', 9.05, '2025-07-03', 'Auto checkout', '2025-08-10 14:16:01', '2025-08-10 14:16:01'),
(1349, 65, 1, 1, NULL, NULL, '2025-07-04 07:49:00', '2025-07-04 17:46:00', 9.95, '2025-07-04', 'Manual attendance', '2025-08-10 14:16:01', '2025-08-10 14:16:01'),
(1352, 65, 1, 1, NULL, NULL, '2025-07-08 07:56:00', '2025-07-08 17:55:00', 9.98, '2025-07-08', 'Manual attendance', '2025-08-10 14:16:01', '2025-08-10 14:16:01'),
(1353, 65, 1, 1, NULL, NULL, '2025-07-09 08:00:00', '2025-07-09 17:30:00', 9.50, '2025-07-09', 'Manual attendance', '2025-08-10 14:16:01', '2025-08-10 14:16:01'),
(1354, 65, 1, 1, NULL, NULL, '2025-07-10 07:57:00', '2025-07-10 17:48:00', 9.85, '2025-07-10', 'Manual attendance', '2025-08-10 14:16:01', '2025-08-10 14:16:01'),
(1355, 65, 1, 1, NULL, NULL, '2025-07-11 08:03:00', '2025-07-11 17:47:00', 9.73, '2025-07-11', 'Manual attendance', '2025-08-10 14:16:01', '2025-08-10 14:16:01'),
(1356, 65, 3, 3, NULL, NULL, '2025-07-12 07:51:00', '2025-07-12 17:18:00', 9.45, '2025-07-12', 'Weekend off', '2025-08-10 14:16:01', '2025-08-10 14:16:01'),
(1357, 65, 1, 1, NULL, NULL, '2025-07-15 07:49:00', '2025-07-15 17:00:00', 9.18, '2025-07-15', 'Manual attendance', '2025-08-10 14:16:01', '2025-08-10 14:16:01'),
(1358, 65, 1, 1, NULL, NULL, '2025-07-16 08:10:00', '2025-07-16 17:26:00', 9.27, '2025-07-16', 'Manual attendance', '2025-08-10 14:16:01', '2025-08-10 14:16:01'),
(1359, 65, 3, 1, NULL, NULL, '2025-07-17 08:01:00', '2025-07-17 16:55:00', 8.90, '2025-07-17', 'Auto checkout', '2025-08-10 14:16:01', '2025-08-10 14:16:01'),
(1360, 65, 1, 1, NULL, NULL, '2025-07-18 07:59:00', '2025-07-18 17:02:00', 9.05, '2025-07-18', 'Auto checkout', '2025-08-10 14:16:01', '2025-08-10 14:16:01'),
(1362, 65, 1, 1, NULL, NULL, '2025-07-22 08:04:00', '2025-07-22 17:02:00', 8.97, '2025-07-22', 'Manual attendance', '2025-08-10 14:16:01', '2025-08-10 14:16:01'),
(1363, 65, 1, 1, NULL, NULL, '2025-07-23 07:48:00', '2025-07-23 16:34:00', 8.77, '2025-07-23', 'Manual attendance', '2025-08-10 14:16:01', '2025-08-10 14:16:01'),
(1364, 65, 2, 1, NULL, NULL, '2025-07-24 08:08:00', '2025-07-24 17:06:00', 8.97, '2025-07-24', 'Manual attendance', '2025-08-10 14:16:01', '2025-08-10 14:16:01'),
(1365, 65, 2, 1, NULL, NULL, '2025-07-25 08:11:00', '2025-07-25 17:55:00', 9.73, '2025-07-25', 'Manual attendance', '2025-08-10 14:16:01', '2025-08-10 14:16:01'),
(1367, 65, 1, 3, NULL, NULL, '2025-07-29 00:00:00', NULL, 0.00, '2025-07-29', 'Absent', '2025-08-10 14:16:01', '2025-08-10 14:16:01'),
(1368, 65, 1, 1, NULL, NULL, '2025-07-30 07:46:00', '2025-07-30 17:02:00', 9.27, '2025-07-30', 'Manual attendance', '2025-08-10 14:16:01', '2025-08-10 14:16:01'),
(1369, 65, 1, 1, NULL, NULL, '2025-07-31 08:02:00', '2025-07-31 17:47:00', 9.75, '2025-07-31', 'Manual attendance', '2025-08-10 14:16:01', '2025-08-10 14:16:01'),
(1370, 65, 1, 1, NULL, NULL, '2025-08-01 08:12:00', '2025-08-01 16:56:00', 8.73, '2025-08-01', 'Manual attendance', '2025-08-10 14:16:01', '2025-08-10 14:16:01'),
(1372, 65, 1, 1, NULL, NULL, '2025-08-05 07:55:00', '2025-08-05 16:24:00', 8.48, '2025-08-05', 'Manual attendance', '2025-08-10 14:16:01', '2025-08-10 14:16:01'),
(1373, 65, 1, 1, NULL, NULL, '2025-08-06 08:05:00', '2025-08-06 17:51:00', 9.77, '2025-08-06', 'Manual attendance', '2025-08-10 14:16:01', '2025-08-10 14:16:01'),
(1374, 65, 1, 1, NULL, NULL, '2025-08-07 08:13:00', '2025-08-07 16:43:00', 8.50, '2025-08-07', 'Manual attendance', '2025-08-10 14:16:01', '2025-08-10 14:16:01'),
(1375, 66, 1, 1, NULL, NULL, '2025-07-01 08:07:00', '2025-07-01 17:07:00', 9.00, '2025-07-01', 'Manual attendance', '2025-08-10 14:16:01', '2025-08-10 14:16:01'),
(1376, 66, 1, 1, NULL, NULL, '2025-07-02 07:59:00', '2025-07-02 16:23:00', 8.40, '2025-07-02', 'Manual attendance', '2025-08-10 14:16:01', '2025-08-10 14:16:01'),
(1377, 66, 1, 1, NULL, NULL, '2025-07-03 07:47:00', '2025-07-03 17:03:00', 9.27, '2025-07-03', 'Auto checkout', '2025-08-10 14:16:01', '2025-08-10 14:16:01'),
(1378, 66, 1, 1, NULL, NULL, '2025-07-04 07:52:00', '2025-07-04 17:24:00', 9.53, '2025-07-04', 'Manual attendance', '2025-08-10 14:16:01', '2025-08-10 14:16:01'),
(1380, 66, 3, 1, NULL, NULL, '2025-07-07 08:14:00', '2025-07-07 16:45:00', 8.52, '2025-07-07', 'Manual attendance', '2025-08-10 14:16:01', '2025-08-10 14:16:01'),
(1381, 66, 1, 1, NULL, NULL, '2025-07-08 08:14:00', '2025-07-08 17:41:00', 9.45, '2025-07-08', 'Manual attendance', '2025-08-10 14:16:01', '2025-08-10 14:16:01'),
(1382, 66, 3, 1, NULL, NULL, '2025-07-09 08:08:00', '2025-07-09 17:32:00', 9.40, '2025-07-09', 'Manual attendance', '2025-08-10 14:16:01', '2025-08-10 14:16:01'),
(1383, 66, 1, 1, NULL, NULL, '2025-07-10 08:00:00', '2025-07-10 17:24:00', 9.40, '2025-07-10', 'Manual attendance', '2025-08-10 14:16:01', '2025-08-10 14:16:01'),
(1384, 66, 1, 1, NULL, NULL, '2025-07-11 07:48:00', '2025-07-11 17:42:00', 9.90, '2025-07-11', 'Manual attendance', '2025-08-10 14:16:01', '2025-08-10 14:16:01'),
(1386, 66, 2, 1, NULL, NULL, '2025-07-15 08:08:00', '2025-07-15 16:13:00', 8.08, '2025-07-15', 'Manual attendance', '2025-08-10 14:16:01', '2025-08-10 14:16:01'),
(1387, 66, 1, 1, NULL, NULL, '2025-07-16 08:03:00', '2025-07-16 17:00:00', 8.95, '2025-07-16', 'Auto checkout', '2025-08-10 14:16:01', '2025-08-10 14:16:01'),
(1388, 66, 1, 1, NULL, NULL, '2025-07-17 08:10:00', '2025-07-17 16:32:00', 8.37, '2025-07-17', 'Manual attendance', '2025-08-10 14:16:01', '2025-08-10 14:16:01'),
(1389, 66, 1, 1, NULL, NULL, '2025-07-18 08:02:00', '2025-07-18 17:05:00', 9.05, '2025-07-18', 'Manual attendance', '2025-08-10 14:16:01', '2025-08-10 14:16:01'),
(1391, 66, 1, 1, NULL, NULL, '2025-07-22 08:07:00', '2025-07-22 17:02:00', 8.92, '2025-07-22', 'Auto checkout', '2025-08-10 14:16:01', '2025-08-10 14:16:01'),
(1392, 66, 1, 1, NULL, NULL, '2025-07-23 08:00:00', '2025-07-23 17:16:00', 9.27, '2025-07-23', 'Manual attendance', '2025-08-10 14:16:01', '2025-08-10 14:16:01'),
(1393, 66, 1, 1, NULL, NULL, '2025-07-24 08:09:00', '2025-07-24 16:10:00', 8.02, '2025-07-24', 'Manual attendance', '2025-08-10 14:16:01', '2025-08-10 14:16:01'),
(1394, 66, 1, 1, NULL, NULL, '2025-07-25 07:46:00', '2025-07-25 17:03:00', 9.28, '2025-07-25', 'Manual attendance', '2025-08-10 14:16:01', '2025-08-10 14:16:01'),
(1395, 66, 3, 3, NULL, NULL, '2025-07-26 07:50:00', '2025-07-26 16:51:00', 9.02, '2025-07-26', 'Weekend off', '2025-08-10 14:16:01', '2025-08-10 14:16:01'),
(1396, 66, 1, 1, NULL, NULL, '2025-07-29 08:13:00', '2025-07-29 16:42:00', 8.48, '2025-07-29', 'Manual attendance', '2025-08-10 14:16:01', '2025-08-10 14:16:01'),
(1397, 66, 2, 1, NULL, NULL, '2025-07-30 07:47:00', '2025-07-30 16:39:00', 8.87, '2025-07-30', 'Manual attendance', '2025-08-10 14:16:01', '2025-08-10 14:16:01'),
(1398, 66, 3, 1, NULL, NULL, '2025-07-31 08:03:00', '2025-07-31 17:02:00', 8.98, '2025-07-31', 'Auto checkout', '2025-08-10 14:16:01', '2025-08-10 14:16:01'),
(1399, 66, 1, 1, NULL, NULL, '2025-08-01 07:50:00', '2025-08-01 17:19:00', 9.48, '2025-08-01', 'Manual attendance', '2025-08-10 14:16:01', '2025-08-10 14:16:01'),
(1400, 66, 3, 1, NULL, NULL, '2025-08-02 08:02:00', '2025-08-02 16:58:00', 8.93, '2025-08-02', 'Auto checkout', '2025-08-10 14:16:01', '2025-08-10 14:16:01'),
(1401, 66, 1, 2, NULL, NULL, '2025-08-04 08:21:00', '2025-08-04 16:53:00', 8.53, '2025-08-04', 'Manual attendance', '2025-08-10 14:16:01', '2025-08-10 14:16:01'),
(1402, 66, 3, 1, NULL, NULL, '2025-08-05 07:45:00', '2025-08-05 16:49:00', 9.07, '2025-08-05', 'Manual attendance', '2025-08-10 14:16:01', '2025-08-10 14:16:01'),
(1403, 66, 1, 1, NULL, NULL, '2025-08-06 07:55:00', '2025-08-06 17:03:00', 9.13, '2025-08-06', 'Auto checkout', '2025-08-10 14:16:01', '2025-08-10 14:16:01'),
(1404, 66, 1, 1, NULL, NULL, '2025-08-07 08:05:00', '2025-08-07 17:30:00', 9.42, '2025-08-07', 'Manual attendance', '2025-08-10 14:16:01', '2025-08-10 14:16:01'),
(1405, 67, 1, 1, NULL, NULL, '2025-07-01 08:11:00', '2025-07-01 16:48:00', 8.62, '2025-07-01', 'Manual attendance', '2025-08-10 14:16:01', '2025-08-10 14:16:01'),
(1406, 67, 1, 2, NULL, NULL, '2025-07-02 08:25:00', '2025-07-02 17:41:00', 9.27, '2025-07-02', 'Manual attendance', '2025-08-10 14:16:01', '2025-08-10 14:16:01'),
(1407, 67, 3, 1, NULL, NULL, '2025-07-03 08:01:00', '2025-07-03 17:04:00', 9.05, '2025-07-03', 'Auto checkout', '2025-08-10 14:16:01', '2025-08-10 14:16:01'),
(1408, 67, 1, 1, NULL, NULL, '2025-07-04 08:05:00', '2025-07-04 16:10:00', 8.08, '2025-07-04', 'Manual attendance', '2025-08-10 14:16:01', '2025-08-10 14:16:01'),
(1410, 67, 1, 1, NULL, NULL, '2025-07-08 07:52:00', '2025-07-08 16:46:00', 8.90, '2025-07-08', 'Manual attendance', '2025-08-10 14:16:01', '2025-08-10 14:16:01'),
(1411, 67, 1, 1, NULL, NULL, '2025-07-09 07:54:00', '2025-07-09 16:48:00', 8.90, '2025-07-09', 'Manual attendance', '2025-08-10 14:16:01', '2025-08-10 14:16:01'),
(1412, 67, 1, 1, NULL, NULL, '2025-07-10 08:07:00', '2025-07-10 17:02:00', 8.92, '2025-07-10', 'Auto checkout', '2025-08-10 14:16:01', '2025-08-10 14:16:01'),
(1413, 67, 1, 1, NULL, NULL, '2025-07-11 07:57:00', '2025-07-11 17:32:00', 9.58, '2025-07-11', 'Manual attendance', '2025-08-10 14:16:01', '2025-08-10 14:16:01'),
(1416, 67, 1, 1, NULL, NULL, '2025-07-14 08:06:00', '2025-07-14 17:01:00', 8.92, '2025-07-14', 'Auto checkout', '2025-08-10 14:16:01', '2025-08-10 14:16:01'),
(1417, 67, 1, 1, NULL, NULL, '2025-07-15 07:58:00', '2025-07-15 16:56:00', 8.97, '2025-07-15', 'Manual attendance', '2025-08-10 14:16:01', '2025-08-10 14:16:01'),
(1418, 67, 1, 1, NULL, NULL, '2025-07-16 07:47:00', '2025-07-16 17:23:00', 9.60, '2025-07-16', 'Manual attendance', '2025-08-10 14:16:01', '2025-08-10 14:16:01'),
(1419, 67, 1, 1, NULL, NULL, '2025-07-17 08:03:00', '2025-07-17 17:24:00', 9.35, '2025-07-17', 'Manual attendance', '2025-08-10 14:16:01', '2025-08-10 14:16:01'),
(1420, 67, 1, 1, NULL, NULL, '2025-07-18 07:50:00', '2025-07-18 17:43:00', 9.88, '2025-07-18', 'Manual attendance', '2025-08-10 14:16:01', '2025-08-10 14:16:01'),
(1421, 67, 3, 1, NULL, NULL, '2025-07-19 07:55:00', '2025-07-19 16:18:00', 8.38, '2025-07-19', 'Manual attendance', '2025-08-10 14:16:01', '2025-08-10 14:16:01'),
(1422, 67, 1, 1, NULL, NULL, '2025-07-22 07:59:00', '2025-07-22 16:10:00', 8.18, '2025-07-22', 'Manual attendance', '2025-08-10 14:16:01', '2025-08-10 14:16:01'),
(1423, 67, 2, 1, NULL, NULL, '2025-07-23 07:49:00', '2025-07-23 16:04:00', 8.25, '2025-07-23', 'Manual attendance', '2025-08-10 14:16:01', '2025-08-10 14:16:01'),
(1424, 67, 1, 1, NULL, NULL, '2025-07-24 08:05:00', '2025-07-24 17:42:00', 9.62, '2025-07-24', 'Manual attendance', '2025-08-10 14:16:01', '2025-08-10 14:16:01'),
(1425, 67, 1, 1, NULL, NULL, '2025-07-25 08:06:00', '2025-07-25 17:02:00', 8.93, '2025-07-25', 'Manual attendance', '2025-08-10 14:16:01', '2025-08-10 14:16:01'),
(1427, 67, 1, 1, NULL, NULL, '2025-07-29 08:10:00', '2025-07-29 17:01:00', 8.85, '2025-07-29', 'Auto checkout', '2025-08-10 14:16:01', '2025-08-10 14:16:01'),
(1428, 67, 1, 1, NULL, NULL, '2025-07-30 08:12:00', '2025-07-30 17:01:00', 8.82, '2025-07-30', 'Auto checkout', '2025-08-10 14:16:01', '2025-08-10 14:16:01'),
(1429, 67, 1, 2, NULL, NULL, '2025-07-31 08:03:00', '2025-07-31 16:51:00', 8.80, '2025-07-31', 'Manual attendance', '2025-08-10 14:16:01', '2025-08-10 14:16:01'),
(1430, 67, 3, 1, NULL, NULL, '2025-08-01 07:56:00', '2025-08-01 16:00:00', 8.07, '2025-08-01', 'Manual attendance', '2025-08-10 14:16:01', '2025-08-10 14:16:01'),
(1432, 67, 1, 1, NULL, NULL, '2025-08-05 08:03:00', '2025-08-05 17:32:00', 9.48, '2025-08-05', 'Manual attendance', '2025-08-10 14:16:01', '2025-08-10 14:16:01'),
(1433, 67, 2, 1, NULL, NULL, '2025-08-06 07:48:00', '2025-08-06 17:43:00', 9.92, '2025-08-06', 'Manual attendance', '2025-08-10 14:16:01', '2025-08-10 14:16:01'),
(1434, 67, 1, 3, NULL, NULL, '2025-08-07 00:00:00', NULL, 0.00, '2025-08-07', 'Absent', '2025-08-10 14:16:01', '2025-08-10 14:16:01'),
(1435, 68, 1, 1, NULL, NULL, '2025-07-01 07:45:00', '2025-07-01 17:21:00', 9.60, '2025-07-01', 'Manual attendance', '2025-08-10 14:16:01', '2025-08-10 14:16:01'),
(1436, 68, 2, 1, NULL, NULL, '2025-07-02 08:09:00', '2025-07-02 16:55:00', 8.77, '2025-07-02', 'Auto checkout', '2025-08-10 14:16:01', '2025-08-10 14:16:01'),
(1437, 68, 1, 1, NULL, NULL, '2025-07-03 08:08:00', '2025-07-03 17:02:00', 8.90, '2025-07-03', 'Auto checkout', '2025-08-10 14:16:01', '2025-08-10 14:16:01'),
(1438, 68, 3, 1, NULL, NULL, '2025-07-04 08:03:00', '2025-07-04 17:03:00', 9.00, '2025-07-04', 'Manual attendance', '2025-08-10 14:16:01', '2025-08-10 14:16:01'),
(1440, 68, 1, 1, NULL, NULL, '2025-07-07 07:54:00', '2025-07-07 17:02:00', 9.13, '2025-07-07', 'Auto checkout', '2025-08-10 14:16:01', '2025-08-10 14:16:01'),
(1441, 68, 2, 1, NULL, NULL, '2025-07-08 08:14:00', '2025-07-08 17:29:00', 9.25, '2025-07-08', 'Manual attendance', '2025-08-10 14:16:01', '2025-08-10 14:16:01'),
(1442, 68, 1, 1, NULL, NULL, '2025-07-09 08:12:00', '2025-07-09 16:55:00', 8.72, '2025-07-09', 'Auto checkout', '2025-08-10 14:16:01', '2025-08-10 14:16:01'),
(1443, 68, 1, 1, NULL, NULL, '2025-07-10 08:02:00', '2025-07-10 17:24:00', 9.37, '2025-07-10', 'Manual attendance', '2025-08-10 14:16:01', '2025-08-10 14:16:01'),
(1444, 68, 1, 1, NULL, NULL, '2025-07-11 07:55:00', '2025-07-11 17:39:00', 9.73, '2025-07-11', 'Manual attendance', '2025-08-10 14:16:01', '2025-08-10 14:16:01'),
(1446, 68, 1, 1, NULL, NULL, '2025-07-15 08:06:00', '2025-07-15 16:27:00', 8.35, '2025-07-15', 'Manual attendance', '2025-08-10 14:16:01', '2025-08-10 14:16:01'),
(1447, 68, 1, 1, NULL, NULL, '2025-07-16 08:14:00', '2025-07-16 17:29:00', 9.25, '2025-07-16', 'Manual attendance', '2025-08-10 14:16:01', '2025-08-10 14:16:01'),
(1448, 68, 1, 1, NULL, NULL, '2025-07-17 07:59:00', '2025-07-17 16:56:00', 8.95, '2025-07-17', 'Manual attendance', '2025-08-10 14:16:01', '2025-08-10 14:16:01'),
(1449, 68, 1, 1, NULL, NULL, '2025-07-18 08:13:00', '2025-07-18 17:16:00', 9.05, '2025-07-18', 'Manual attendance', '2025-08-10 14:16:01', '2025-08-10 14:16:01'),
(1451, 68, 1, 1, NULL, NULL, '2025-07-21 08:03:00', '2025-07-21 16:57:00', 8.90, '2025-07-21', 'Auto checkout', '2025-08-10 14:16:01', '2025-08-10 14:16:01'),
(1452, 68, 3, 1, NULL, NULL, '2025-07-22 08:12:00', '2025-07-22 16:05:00', 7.88, '2025-07-22', 'Manual attendance', '2025-08-10 14:16:01', '2025-08-10 14:16:01'),
(1453, 68, 3, 1, NULL, NULL, '2025-07-23 08:12:00', '2025-07-23 17:46:00', 9.57, '2025-07-23', 'Manual attendance', '2025-08-10 14:16:01', '2025-08-10 14:16:01'),
(1454, 68, 1, 1, NULL, NULL, '2025-07-24 07:46:00', '2025-07-24 16:39:00', 8.88, '2025-07-24', 'Manual attendance', '2025-08-10 14:16:01', '2025-08-10 14:16:01'),
(1455, 68, 1, 1, NULL, NULL, '2025-07-25 08:11:00', '2025-07-25 16:59:00', 8.80, '2025-07-25', 'Auto checkout', '2025-08-10 14:16:01', '2025-08-10 14:16:01'),
(1457, 68, 1, 1, NULL, NULL, '2025-07-29 07:56:00', '2025-07-29 17:06:00', 9.17, '2025-07-29', 'Manual attendance', '2025-08-10 14:16:01', '2025-08-10 14:16:01'),
(1458, 68, 1, 1, NULL, NULL, '2025-07-30 07:59:00', '2025-07-30 17:03:00', 9.07, '2025-07-30', 'Auto checkout', '2025-08-10 14:16:01', '2025-08-10 14:16:01'),
(1459, 68, 1, 1, NULL, NULL, '2025-07-31 07:50:00', '2025-07-31 16:57:00', 9.12, '2025-07-31', 'Auto checkout', '2025-08-10 14:16:01', '2025-08-10 14:16:01'),
(1460, 68, 1, 1, NULL, NULL, '2025-08-01 08:10:00', '2025-08-01 17:00:00', 8.83, '2025-08-01', 'Auto checkout', '2025-08-10 14:16:01', '2025-08-10 14:16:01'),
(1462, 68, 2, 1, NULL, NULL, '2025-08-05 08:09:00', '2025-08-05 17:49:00', 9.67, '2025-08-05', 'Manual attendance', '2025-08-10 14:16:01', '2025-08-10 14:16:01'),
(1463, 68, 1, 1, NULL, NULL, '2025-08-06 07:50:00', '2025-08-06 16:41:00', 8.85, '2025-08-06', 'Manual attendance', '2025-08-10 14:16:01', '2025-08-10 14:16:01'),
(1464, 68, 1, 1, NULL, NULL, '2025-08-07 07:58:00', '2025-08-07 17:03:00', 9.08, '2025-08-07', 'Auto checkout', '2025-08-10 14:16:01', '2025-08-10 14:16:01'),
(1465, 69, 3, 1, NULL, NULL, '2025-07-01 07:50:00', '2025-07-01 17:15:00', 9.42, '2025-07-01', 'Manual attendance', '2025-08-10 14:16:01', '2025-08-10 14:16:01'),
(1466, 69, 1, 1, NULL, NULL, '2025-07-02 08:01:00', '2025-07-02 17:17:00', 9.27, '2025-07-02', 'Manual attendance', '2025-08-10 14:16:01', '2025-08-10 14:16:01'),
(1467, 69, 1, 1, NULL, NULL, '2025-07-03 07:56:00', '2025-07-03 17:01:00', 9.08, '2025-07-03', 'Auto checkout', '2025-08-10 14:16:01', '2025-08-10 14:16:01'),
(1468, 69, 1, 1, NULL, NULL, '2025-07-04 08:10:00', '2025-07-04 16:41:00', 8.52, '2025-07-04', 'Manual attendance', '2025-08-10 14:16:01', '2025-08-10 14:16:01'),
(1470, 69, 2, 1, NULL, NULL, '2025-07-08 08:00:00', '2025-07-08 16:52:00', 8.87, '2025-07-08', 'Manual attendance', '2025-08-10 14:16:01', '2025-08-10 14:16:01'),
(1471, 69, 1, 1, NULL, NULL, '2025-07-09 08:04:00', '2025-07-09 17:25:00', 9.35, '2025-07-09', 'Manual attendance', '2025-08-10 14:16:01', '2025-08-10 14:16:01'),
(1472, 69, 1, 2, NULL, NULL, '2025-07-10 08:22:00', '2025-07-10 17:04:00', 8.70, '2025-07-10', 'Auto checkout', '2025-08-10 14:16:01', '2025-08-10 14:16:01'),
(1473, 69, 1, 1, NULL, NULL, '2025-07-11 08:02:00', '2025-07-11 16:56:00', 8.90, '2025-07-11', 'Auto checkout', '2025-08-10 14:16:01', '2025-08-10 14:16:01'),
(1475, 69, 1, 2, NULL, NULL, '2025-07-15 08:13:00', '2025-07-15 16:56:00', 8.72, '2025-07-15', 'Manual attendance', '2025-08-10 14:16:01', '2025-08-10 14:16:01'),
(1476, 69, 3, 1, NULL, NULL, '2025-07-16 08:08:00', '2025-07-16 16:24:00', 8.27, '2025-07-16', 'Manual attendance', '2025-08-10 14:16:01', '2025-08-10 14:16:01'),
(1477, 69, 1, 1, NULL, NULL, '2025-07-17 08:11:00', '2025-07-17 16:54:00', 8.72, '2025-07-17', 'Manual attendance', '2025-08-10 14:16:01', '2025-08-10 14:16:01'),
(1478, 69, 2, 1, NULL, NULL, '2025-07-18 07:59:00', '2025-07-18 17:22:00', 9.38, '2025-07-18', 'Manual attendance', '2025-08-10 14:16:01', '2025-08-10 14:16:01'),
(1480, 69, 3, 1, NULL, NULL, '2025-07-20 08:12:00', '2025-07-20 17:55:00', 9.72, '2025-07-20', 'Manual attendance', '2025-08-10 14:16:01', '2025-08-10 14:16:01'),
(1481, 69, 1, 1, NULL, NULL, '2025-07-22 08:04:00', '2025-07-22 16:55:00', 8.85, '2025-07-22', 'Auto checkout', '2025-08-10 14:16:01', '2025-08-10 14:16:01'),
(1482, 69, 1, 1, NULL, NULL, '2025-07-23 08:03:00', '2025-07-23 17:56:00', 9.88, '2025-07-23', 'Manual attendance', '2025-08-10 14:16:01', '2025-08-10 14:16:01'),
(1483, 69, 1, 1, NULL, NULL, '2025-07-24 07:53:00', '2025-07-24 17:58:00', 10.08, '2025-07-24', 'Manual attendance', '2025-08-10 14:16:01', '2025-08-10 14:16:01'),
(1484, 69, 3, 1, NULL, NULL, '2025-07-25 08:07:00', '2025-07-25 16:24:00', 8.28, '2025-07-25', 'Manual attendance', '2025-08-10 14:16:01', '2025-08-10 14:16:01'),
(1485, 69, 3, 3, NULL, NULL, '2025-07-26 07:46:00', '2025-07-26 17:33:00', 9.78, '2025-07-26', 'Weekend off', '2025-08-10 14:16:01', '2025-08-10 14:16:01'),
(1486, 69, 1, 1, NULL, NULL, '2025-07-29 08:12:00', '2025-07-29 17:46:00', 9.57, '2025-07-29', 'Manual attendance', '2025-08-10 14:16:01', '2025-08-10 14:16:01'),
(1487, 69, 1, 1, NULL, NULL, '2025-07-30 07:50:00', '2025-07-30 16:07:00', 8.28, '2025-07-30', 'Manual attendance', '2025-08-10 14:16:02', '2025-08-10 14:16:02'),
(1488, 69, 1, 1, NULL, NULL, '2025-07-31 08:00:00', '2025-07-31 16:47:00', 8.78, '2025-07-31', 'Manual attendance', '2025-08-10 14:16:02', '2025-08-10 14:16:02'),
(1489, 69, 2, 1, NULL, NULL, '2025-08-01 08:06:00', '2025-08-01 17:19:00', 9.22, '2025-08-01', 'Manual attendance', '2025-08-10 14:16:02', '2025-08-10 14:16:02'),
(1491, 69, 1, 1, NULL, NULL, '2025-08-04 07:48:00', '2025-08-04 16:56:00', 9.13, '2025-08-04', 'Manual attendance', '2025-08-10 14:16:02', '2025-08-10 14:16:02'),
(1492, 69, 1, 1, NULL, NULL, '2025-08-05 08:07:00', '2025-08-05 16:56:00', 8.82, '2025-08-05', 'Auto checkout', '2025-08-10 14:16:02', '2025-08-10 14:16:02'),
(1493, 69, 1, 1, NULL, NULL, '2025-08-06 07:55:00', '2025-08-06 16:45:00', 8.83, '2025-08-06', 'Manual attendance', '2025-08-10 14:16:02', '2025-08-10 14:16:02'),
(1494, 69, 3, 1, NULL, NULL, '2025-08-07 08:03:00', '2025-08-07 17:26:00', 9.38, '2025-08-07', 'Manual attendance', '2025-08-10 14:16:02', '2025-08-10 14:16:02'),
(1495, 70, 1, 1, NULL, NULL, '2025-07-01 08:05:00', '2025-07-01 17:58:00', 9.88, '2025-07-01', 'Manual attendance', '2025-08-10 14:16:02', '2025-08-10 14:16:02'),
(1496, 70, 2, 1, NULL, NULL, '2025-07-02 08:10:00', '2025-07-02 16:17:00', 8.12, '2025-07-02', 'Manual attendance', '2025-08-10 14:16:02', '2025-08-10 14:16:02'),
(1497, 70, 1, 1, NULL, NULL, '2025-07-03 07:48:00', '2025-07-03 16:35:00', 8.78, '2025-07-03', 'Manual attendance', '2025-08-10 14:16:02', '2025-08-10 14:16:02'),
(1498, 70, 1, 1, NULL, NULL, '2025-07-04 08:12:00', '2025-07-04 16:47:00', 8.58, '2025-07-04', 'Manual attendance', '2025-08-10 14:16:02', '2025-08-10 14:16:02'),
(1500, 70, 1, 1, NULL, NULL, '2025-07-08 08:11:00', '2025-07-08 16:21:00', 8.17, '2025-07-08', 'Manual attendance', '2025-08-10 14:16:02', '2025-08-10 14:16:02'),
(1501, 70, 1, 1, NULL, NULL, '2025-07-09 07:52:00', '2025-07-09 16:30:00', 8.63, '2025-07-09', 'Manual attendance', '2025-08-10 14:16:02', '2025-08-10 14:16:02'),
(1502, 70, 3, 1, NULL, NULL, '2025-07-10 07:45:00', '2025-07-10 16:58:00', 9.22, '2025-07-10', 'Auto checkout', '2025-08-10 14:16:02', '2025-08-10 14:16:02'),
(1503, 70, 1, 1, NULL, NULL, '2025-07-11 07:54:00', '2025-07-11 17:44:00', 9.83, '2025-07-11', 'Manual attendance', '2025-08-10 14:16:02', '2025-08-10 14:16:02'),
(1505, 70, 2, 1, NULL, NULL, '2025-07-15 08:08:00', '2025-07-15 17:02:00', 8.90, '2025-07-15', 'Auto checkout', '2025-08-10 14:16:02', '2025-08-10 14:16:02'),
(1506, 70, 3, 1, NULL, NULL, '2025-07-16 07:59:00', '2025-07-16 16:37:00', 8.63, '2025-07-16', 'Manual attendance', '2025-08-10 14:16:02', '2025-08-10 14:16:02'),
(1507, 70, 1, 1, NULL, NULL, '2025-07-17 08:10:00', '2025-07-17 16:56:00', 8.77, '2025-07-17', 'Manual attendance', '2025-08-10 14:16:02', '2025-08-10 14:16:02'),
(1508, 70, 1, 1, NULL, NULL, '2025-07-18 08:05:00', '2025-07-18 16:48:00', 8.72, '2025-07-18', 'Manual attendance', '2025-08-10 14:16:02', '2025-08-10 14:16:02'),
(1509, 70, 3, 3, NULL, NULL, '2025-07-19 08:00:00', '2025-07-19 17:01:00', 9.02, '2025-07-19', 'Weekend off', '2025-08-10 14:16:02', '2025-08-10 14:16:02'),
(1510, 70, 1, 1, NULL, NULL, '2025-07-22 07:53:00', '2025-07-22 16:56:00', 9.05, '2025-07-22', 'Auto checkout', '2025-08-10 14:16:02', '2025-08-10 14:16:02'),
(1511, 70, 1, 1, NULL, NULL, '2025-07-23 07:57:00', '2025-07-23 16:48:00', 8.85, '2025-07-23', 'Manual attendance', '2025-08-10 14:16:02', '2025-08-10 14:16:02'),
(1512, 70, 2, 1, NULL, NULL, '2025-07-24 08:04:00', '2025-07-24 16:09:00', 8.08, '2025-07-24', 'Manual attendance', '2025-08-10 14:16:02', '2025-08-10 14:16:02'),
(1513, 70, 1, 3, NULL, NULL, '2025-07-25 00:00:00', NULL, 0.00, '2025-07-25', 'Absent', '2025-08-10 14:16:02', '2025-08-10 14:16:02'),
(1515, 70, 3, 1, NULL, NULL, '2025-07-29 08:04:00', '2025-07-29 17:42:00', 9.63, '2025-07-29', 'Manual attendance', '2025-08-10 14:16:02', '2025-08-10 14:16:02'),
(1516, 70, 2, 1, NULL, NULL, '2025-07-30 07:50:00', '2025-07-30 17:14:00', 9.40, '2025-07-30', 'Manual attendance', '2025-08-10 14:16:02', '2025-08-10 14:16:02'),
(1517, 70, 1, 1, NULL, NULL, '2025-07-31 08:01:00', '2025-07-31 16:46:00', 8.75, '2025-07-31', 'Manual attendance', '2025-08-10 14:16:02', '2025-08-10 14:16:02'),
(1518, 70, 2, 1, NULL, NULL, '2025-08-01 08:10:00', '2025-08-01 17:01:00', 8.85, '2025-08-01', 'Auto checkout', '2025-08-10 14:16:02', '2025-08-10 14:16:02'),
(1520, 70, 3, 1, NULL, NULL, '2025-08-05 08:09:00', '2025-08-05 17:56:00', 9.78, '2025-08-05', 'Manual attendance', '2025-08-10 14:16:02', '2025-08-10 14:16:02'),
(1521, 70, 1, 1, NULL, NULL, '2025-08-06 08:08:00', '2025-08-06 17:04:00', 8.93, '2025-08-06', 'Auto checkout', '2025-08-10 14:16:02', '2025-08-10 14:16:02'),
(1522, 70, 1, 1, NULL, NULL, '2025-08-07 07:50:00', '2025-08-07 17:24:00', 9.57, '2025-08-07', 'Manual attendance', '2025-08-10 14:16:02', '2025-08-10 14:16:02'),
(1523, 71, 2, 1, NULL, NULL, '2025-07-01 07:57:00', '2025-07-01 16:59:00', 9.03, '2025-07-01', 'Auto checkout', '2025-08-10 14:16:02', '2025-08-10 14:16:02'),
(1524, 71, 2, 1, NULL, NULL, '2025-07-02 07:50:00', '2025-07-02 16:52:00', 9.03, '2025-07-02', 'Manual attendance', '2025-08-10 14:16:02', '2025-08-10 14:16:02'),
(1525, 71, 3, 1, NULL, NULL, '2025-07-03 07:45:00', '2025-07-03 16:36:00', 8.85, '2025-07-03', 'Manual attendance', '2025-08-10 14:16:02', '2025-08-10 14:16:02'),
(1526, 71, 1, 1, NULL, NULL, '2025-07-04 07:59:00', '2025-07-04 16:58:00', 8.98, '2025-07-04', 'Auto checkout', '2025-08-10 14:16:02', '2025-08-10 14:16:02'),
(1528, 71, 1, 1, NULL, NULL, '2025-07-08 07:51:00', '2025-07-08 17:50:00', 9.98, '2025-07-08', 'Manual attendance', '2025-08-10 14:16:02', '2025-08-10 14:16:02'),
(1529, 71, 2, 1, NULL, NULL, '2025-07-09 07:50:00', '2025-07-09 17:29:00', 9.65, '2025-07-09', 'Manual attendance', '2025-08-10 14:16:02', '2025-08-10 14:16:02'),
(1530, 71, 1, 2, NULL, NULL, '2025-07-10 08:15:00', '2025-07-10 17:00:00', 8.75, '2025-07-10', 'Auto checkout', '2025-08-10 14:16:02', '2025-08-10 14:16:02'),
(1531, 71, 1, 1, NULL, NULL, '2025-07-11 08:12:00', '2025-07-11 16:46:00', 8.57, '2025-07-11', 'Manual attendance', '2025-08-10 14:16:02', '2025-08-10 14:16:02'),
(1534, 71, 1, 1, NULL, NULL, '2025-07-15 07:59:00', '2025-07-15 17:02:00', 9.05, '2025-07-15', 'Manual attendance', '2025-08-10 14:16:02', '2025-08-10 14:16:02'),
(1535, 71, 3, 1, NULL, NULL, '2025-07-16 08:09:00', '2025-07-16 16:39:00', 8.50, '2025-07-16', 'Manual attendance', '2025-08-10 14:16:02', '2025-08-10 14:16:02'),
(1536, 71, 2, 1, NULL, NULL, '2025-07-17 07:48:00', '2025-07-17 16:38:00', 8.83, '2025-07-17', 'Manual attendance', '2025-08-10 14:16:02', '2025-08-10 14:16:02'),
(1537, 71, 1, 1, NULL, NULL, '2025-07-18 08:08:00', '2025-07-18 16:27:00', 8.32, '2025-07-18', 'Manual attendance', '2025-08-10 14:16:02', '2025-08-10 14:16:02'),
(1539, 71, 3, 1, NULL, NULL, '2025-07-22 08:12:00', '2025-07-22 17:02:00', 8.83, '2025-07-22', 'Auto checkout', '2025-08-10 14:16:02', '2025-08-10 14:16:02'),
(1540, 71, 1, 1, NULL, NULL, '2025-07-23 07:59:00', '2025-07-23 16:58:00', 8.98, '2025-07-23', 'Auto checkout', '2025-08-10 14:16:02', '2025-08-10 14:16:02'),
(1541, 71, 1, 1, NULL, NULL, '2025-07-24 08:11:00', '2025-07-24 16:39:00', 8.47, '2025-07-24', 'Manual attendance', '2025-08-10 14:16:02', '2025-08-10 14:16:02'),
(1542, 71, 3, 1, NULL, NULL, '2025-07-25 07:51:00', '2025-07-25 17:09:00', 9.30, '2025-07-25', 'Manual attendance', '2025-08-10 14:16:02', '2025-08-10 14:16:02'),
(1544, 71, 1, 1, NULL, NULL, '2025-07-29 07:51:00', '2025-07-29 16:55:00', 9.07, '2025-07-29', 'Auto checkout', '2025-08-10 14:16:02', '2025-08-10 14:16:02'),
(1545, 71, 2, 1, NULL, NULL, '2025-07-30 07:58:00', '2025-07-30 17:01:00', 9.05, '2025-07-30', 'Auto checkout', '2025-08-10 14:16:02', '2025-08-10 14:16:02'),
(1546, 71, 1, 1, NULL, NULL, '2025-07-31 07:48:00', '2025-07-31 16:49:00', 9.02, '2025-07-31', 'Manual attendance', '2025-08-10 14:16:02', '2025-08-10 14:16:02'),
(1547, 71, 3, 1, NULL, NULL, '2025-08-01 07:59:00', '2025-08-01 16:59:00', 9.00, '2025-08-01', 'Manual attendance', '2025-08-10 14:16:02', '2025-08-10 14:16:02'),
(1550, 71, 3, 1, NULL, NULL, '2025-08-05 07:57:00', '2025-08-05 16:49:00', 8.87, '2025-08-05', 'Manual attendance', '2025-08-10 14:16:02', '2025-08-10 14:16:02'),
(1551, 71, 1, 1, NULL, NULL, '2025-08-06 08:09:00', '2025-08-06 17:27:00', 9.30, '2025-08-06', 'Manual attendance', '2025-08-10 14:16:02', '2025-08-10 14:16:02'),
(1552, 71, 2, 1, NULL, NULL, '2025-08-07 07:53:00', '2025-08-07 17:39:00', 9.77, '2025-08-07', 'Manual attendance', '2025-08-10 14:16:02', '2025-08-10 14:16:02'),
(1553, 72, 1, 2, NULL, NULL, '2025-07-01 08:18:00', '2025-07-01 16:11:00', 7.88, '2025-07-01', 'Manual attendance', '2025-08-10 14:16:02', '2025-08-10 14:16:02'),
(1554, 72, 2, 1, NULL, NULL, '2025-07-02 07:45:00', '2025-07-02 17:01:00', 9.27, '2025-07-02', 'Auto checkout', '2025-08-10 14:16:02', '2025-08-10 14:16:02'),
(1555, 72, 1, 1, NULL, NULL, '2025-07-03 08:02:00', '2025-07-03 16:56:00', 8.90, '2025-07-03', 'Auto checkout', '2025-08-10 14:16:02', '2025-08-10 14:16:02'),
(1556, 72, 1, 1, NULL, NULL, '2025-07-04 08:06:00', '2025-07-04 16:25:00', 8.32, '2025-07-04', 'Manual attendance', '2025-08-10 14:16:02', '2025-08-10 14:16:02'),
(1558, 72, 3, 1, NULL, NULL, '2025-07-08 08:11:00', '2025-07-08 16:56:00', 8.75, '2025-07-08', 'Auto checkout', '2025-08-10 14:16:02', '2025-08-10 14:16:02'),
(1559, 72, 1, 1, NULL, NULL, '2025-07-09 08:13:00', '2025-07-09 17:17:00', 9.07, '2025-07-09', 'Manual attendance', '2025-08-10 14:16:02', '2025-08-10 14:16:02'),
(1560, 72, 2, 1, NULL, NULL, '2025-07-10 08:07:00', '2025-07-10 17:30:00', 9.38, '2025-07-10', 'Manual attendance', '2025-08-10 14:16:02', '2025-08-10 14:16:02'),
(1561, 72, 1, 1, NULL, NULL, '2025-07-11 07:58:00', '2025-07-11 16:15:00', 8.28, '2025-07-11', 'Manual attendance', '2025-08-10 14:16:02', '2025-08-10 14:16:02'),
(1563, 72, 1, 1, NULL, NULL, '2025-07-15 08:05:00', '2025-07-15 16:19:00', 8.23, '2025-07-15', 'Manual attendance', '2025-08-10 14:16:02', '2025-08-10 14:16:02'),
(1564, 72, 3, 1, NULL, NULL, '2025-07-16 08:12:00', '2025-07-16 17:11:00', 8.98, '2025-07-16', 'Manual attendance', '2025-08-10 14:16:02', '2025-08-10 14:16:02'),
(1565, 72, 1, 1, NULL, NULL, '2025-07-17 08:03:00', '2025-07-17 17:25:00', 9.37, '2025-07-17', 'Manual attendance', '2025-08-10 14:16:02', '2025-08-10 14:16:02'),
(1566, 72, 1, 3, NULL, NULL, '2025-07-18 00:00:00', NULL, 0.00, '2025-07-18', 'Absent', '2025-08-10 14:16:02', '2025-08-10 14:16:02'),
(1568, 72, 3, 1, NULL, NULL, '2025-07-21 08:03:00', '2025-07-21 16:59:00', 8.93, '2025-07-21', 'Auto checkout', '2025-08-10 14:16:02', '2025-08-10 14:16:02'),
(1569, 72, 1, 1, NULL, NULL, '2025-07-22 07:57:00', '2025-07-22 17:02:00', 9.08, '2025-07-22', 'Manual attendance', '2025-08-10 14:16:02', '2025-08-10 14:16:02'),
(1570, 72, 1, 1, NULL, NULL, '2025-07-23 08:04:00', '2025-07-23 17:20:00', 9.27, '2025-07-23', 'Manual attendance', '2025-08-10 14:16:02', '2025-08-10 14:16:02'),
(1571, 72, 2, 1, NULL, NULL, '2025-07-24 07:56:00', '2025-07-24 17:02:00', 9.10, '2025-07-24', 'Auto checkout', '2025-08-10 14:16:02', '2025-08-10 14:16:02'),
(1572, 72, 1, 1, NULL, NULL, '2025-07-25 07:50:00', '2025-07-25 17:44:00', 9.90, '2025-07-25', 'Manual attendance', '2025-08-10 14:16:02', '2025-08-10 14:16:02'),
(1575, 72, 1, 1, NULL, NULL, '2025-07-28 08:12:00', '2025-07-28 16:56:00', 8.73, '2025-07-28', 'Auto checkout', '2025-08-10 14:16:02', '2025-08-10 14:16:02'),
(1576, 72, 1, 1, NULL, NULL, '2025-07-29 08:12:00', '2025-07-29 16:28:00', 8.27, '2025-07-29', 'Manual attendance', '2025-08-10 14:16:02', '2025-08-10 14:16:02'),
(1577, 72, 1, 1, NULL, NULL, '2025-07-30 07:56:00', '2025-07-30 17:02:00', 9.10, '2025-07-30', 'Manual attendance', '2025-08-10 14:16:02', '2025-08-10 14:16:02'),
(1578, 72, 2, 1, NULL, NULL, '2025-07-31 07:55:00', '2025-07-31 17:11:00', 9.27, '2025-07-31', 'Manual attendance', '2025-08-10 14:16:02', '2025-08-10 14:16:02'),
(1579, 72, 1, 1, NULL, NULL, '2025-08-01 07:59:00', '2025-08-01 17:03:00', 9.07, '2025-08-01', 'Auto checkout', '2025-08-10 14:16:02', '2025-08-10 14:16:02'),
(1581, 72, 3, 1, NULL, NULL, '2025-08-04 07:59:00', '2025-08-04 17:02:00', 9.05, '2025-08-04', 'Auto checkout', '2025-08-10 14:16:02', '2025-08-10 14:16:02'),
(1582, 72, 1, 1, NULL, NULL, '2025-08-05 08:01:00', '2025-08-05 17:31:00', 9.50, '2025-08-05', 'Manual attendance', '2025-08-10 14:16:02', '2025-08-10 14:16:02'),
(1583, 72, 2, 1, NULL, NULL, '2025-08-06 08:01:00', '2025-08-06 16:40:00', 8.65, '2025-08-06', 'Manual attendance', '2025-08-10 14:16:02', '2025-08-10 14:16:02'),
(1584, 72, 1, 1, NULL, NULL, '2025-08-07 07:49:00', '2025-08-07 16:32:00', 8.72, '2025-08-07', 'Manual attendance', '2025-08-10 14:16:02', '2025-08-10 14:16:02'),
(1585, 73, 1, 1, NULL, NULL, '2025-07-01 07:51:00', '2025-07-01 16:21:00', 8.50, '2025-07-01', 'Manual attendance', '2025-08-10 14:16:02', '2025-08-10 14:16:02'),
(1586, 73, 1, 1, NULL, NULL, '2025-07-02 08:08:00', '2025-07-02 16:30:00', 8.37, '2025-07-02', 'Manual attendance', '2025-08-10 14:16:02', '2025-08-10 14:16:02'),
(1587, 73, 2, 1, NULL, NULL, '2025-07-03 07:56:00', '2025-07-03 16:48:00', 8.87, '2025-07-03', 'Manual attendance', '2025-08-10 14:16:02', '2025-08-10 14:16:02'),
(1588, 73, 1, 1, NULL, NULL, '2025-07-04 07:57:00', '2025-07-04 16:04:00', 8.12, '2025-07-04', 'Manual attendance', '2025-08-10 14:16:02', '2025-08-10 14:16:02'),
(1590, 73, 2, 1, NULL, NULL, '2025-07-07 07:58:00', '2025-07-07 17:02:00', 9.07, '2025-07-07', 'Manual attendance', '2025-08-10 14:16:02', '2025-08-10 14:16:02'),
(1591, 73, 1, 1, NULL, NULL, '2025-07-08 08:03:00', '2025-07-08 17:31:00', 9.47, '2025-07-08', 'Manual attendance', '2025-08-10 14:16:02', '2025-08-10 14:16:02'),
(1592, 73, 3, 1, NULL, NULL, '2025-07-09 07:59:00', '2025-07-09 16:58:00', 8.98, '2025-07-09', 'Auto checkout', '2025-08-10 14:16:02', '2025-08-10 14:16:02'),
(1593, 73, 1, 2, NULL, NULL, '2025-07-10 08:21:00', '2025-07-10 16:00:00', 7.65, '2025-07-10', 'Manual attendance', '2025-08-10 14:16:02', '2025-08-10 14:16:02'),
(1594, 73, 3, 1, NULL, NULL, '2025-07-11 07:53:00', '2025-07-11 17:59:00', 10.10, '2025-07-11', 'Manual attendance', '2025-08-10 14:16:02', '2025-08-10 14:16:02'),
(1596, 73, 1, 3, NULL, NULL, '2025-07-15 00:00:00', NULL, 0.00, '2025-07-15', 'Absent', '2025-08-10 14:16:02', '2025-08-10 14:16:02'),
(1597, 73, 1, 1, NULL, NULL, '2025-07-16 08:03:00', '2025-07-16 16:59:00', 8.93, '2025-07-16', 'Manual attendance', '2025-08-10 14:16:02', '2025-08-10 14:16:02'),
(1598, 73, 3, 1, NULL, NULL, '2025-07-17 07:46:00', '2025-07-17 16:55:00', 9.15, '2025-07-17', 'Auto checkout', '2025-08-10 14:16:02', '2025-08-10 14:16:02'),
(1599, 73, 1, 1, NULL, NULL, '2025-07-18 07:58:00', '2025-07-18 17:57:00', 9.98, '2025-07-18', 'Manual attendance', '2025-08-10 14:16:02', '2025-08-10 14:16:02'),
(1602, 73, 2, 1, NULL, NULL, '2025-07-22 07:48:00', '2025-07-22 16:48:00', 9.00, '2025-07-22', 'Manual attendance', '2025-08-10 14:16:02', '2025-08-10 14:16:02'),
(1603, 73, 1, 1, NULL, NULL, '2025-07-23 08:09:00', '2025-07-23 16:42:00', 8.55, '2025-07-23', 'Manual attendance', '2025-08-10 14:16:02', '2025-08-10 14:16:02'),
(1604, 73, 1, 1, NULL, NULL, '2025-07-24 07:45:00', '2025-07-24 17:00:00', 9.25, '2025-07-24', 'Auto checkout', '2025-08-10 14:16:02', '2025-08-10 14:16:02'),
(1605, 73, 1, 3, NULL, NULL, '2025-07-25 00:00:00', NULL, 0.00, '2025-07-25', 'Absent', '2025-08-10 14:16:02', '2025-08-10 14:16:02'),
(1607, 73, 3, 1, NULL, NULL, '2025-07-29 07:48:00', '2025-07-29 17:46:00', 9.97, '2025-07-29', 'Manual attendance', '2025-08-10 14:16:02', '2025-08-10 14:16:02'),
(1608, 73, 2, 1, NULL, NULL, '2025-07-30 07:48:00', '2025-07-30 16:59:00', 9.18, '2025-07-30', 'Auto checkout', '2025-08-10 14:16:02', '2025-08-10 14:16:02'),
(1609, 73, 3, 1, NULL, NULL, '2025-07-31 08:14:00', '2025-07-31 16:55:00', 8.68, '2025-07-31', 'Auto checkout', '2025-08-10 14:16:02', '2025-08-10 14:16:02'),
(1610, 73, 3, 1, NULL, NULL, '2025-08-01 07:54:00', '2025-08-01 17:30:00', 9.60, '2025-08-01', 'Manual attendance', '2025-08-10 14:16:02', '2025-08-10 14:16:02'),
(1612, 73, 1, 1, NULL, NULL, '2025-08-05 08:07:00', '2025-08-05 17:29:00', 9.37, '2025-08-05', 'Manual attendance', '2025-08-10 14:16:02', '2025-08-10 14:16:02'),
(1613, 73, 3, 1, NULL, NULL, '2025-08-06 08:12:00', '2025-08-06 16:13:00', 8.02, '2025-08-06', 'Manual attendance', '2025-08-10 14:16:02', '2025-08-10 14:16:02'),
(1614, 73, 1, 1, NULL, NULL, '2025-08-07 07:55:00', '2025-08-07 17:19:00', 9.40, '2025-08-07', 'Manual attendance', '2025-08-10 14:16:02', '2025-08-10 14:16:02'),
(1615, 74, 1, 1, NULL, NULL, '2025-07-01 08:08:00', '2025-07-01 17:03:00', 8.92, '2025-07-01', 'Auto checkout', '2025-08-10 14:16:02', '2025-08-10 14:16:02'),
(1616, 74, 1, 1, NULL, NULL, '2025-07-02 08:10:00', '2025-07-02 17:02:00', 8.87, '2025-07-02', 'Auto checkout', '2025-08-10 14:16:02', '2025-08-10 14:16:02'),
(1617, 74, 1, 1, NULL, NULL, '2025-07-03 08:10:00', '2025-07-03 17:52:00', 9.70, '2025-07-03', 'Manual attendance', '2025-08-10 14:16:02', '2025-08-10 14:16:02'),
(1618, 74, 1, 1, NULL, NULL, '2025-07-04 07:53:00', '2025-07-04 16:07:00', 8.23, '2025-07-04', 'Manual attendance', '2025-08-10 14:16:02', '2025-08-10 14:16:02'),
(1620, 74, 3, 3, NULL, NULL, '2025-07-06 07:58:00', '2025-07-06 16:59:00', 9.02, '2025-07-06', 'Weekend off', '2025-08-10 14:16:02', '2025-08-10 14:16:02'),
(1621, 74, 1, 1, NULL, NULL, '2025-07-08 07:59:00', '2025-07-08 17:01:00', 9.03, '2025-07-08', 'Auto checkout', '2025-08-10 14:16:02', '2025-08-10 14:16:02'),
(1622, 74, 1, 1, NULL, NULL, '2025-07-09 07:46:00', '2025-07-09 16:56:00', 9.17, '2025-07-09', 'Manual attendance', '2025-08-10 14:16:02', '2025-08-10 14:16:02'),
(1623, 74, 1, 1, NULL, NULL, '2025-07-10 08:07:00', '2025-07-10 17:24:00', 9.28, '2025-07-10', 'Manual attendance', '2025-08-10 14:16:02', '2025-08-10 14:16:02'),
(1624, 74, 1, 3, NULL, NULL, '2025-07-11 00:00:00', NULL, 0.00, '2025-07-11', 'Absent', '2025-08-10 14:16:02', '2025-08-10 14:16:02'),
(1626, 74, 3, 1, NULL, NULL, '2025-07-15 07:52:00', '2025-07-15 17:04:00', 9.20, '2025-07-15', 'Auto checkout', '2025-08-10 14:16:02', '2025-08-10 14:16:02'),
(1627, 74, 1, 1, NULL, NULL, '2025-07-16 08:00:00', '2025-07-16 17:59:00', 9.98, '2025-07-16', 'Manual attendance', '2025-08-10 14:16:02', '2025-08-10 14:16:02'),
(1628, 74, 1, 1, NULL, NULL, '2025-07-17 08:08:00', '2025-07-17 17:04:00', 8.93, '2025-07-17', 'Auto checkout', '2025-08-10 14:16:02', '2025-08-10 14:16:02'),
(1629, 74, 1, 1, NULL, NULL, '2025-07-18 08:02:00', '2025-07-18 16:56:00', 8.90, '2025-07-18', 'Auto checkout', '2025-08-10 14:16:02', '2025-08-10 14:16:02'),
(1631, 74, 1, 1, NULL, NULL, '2025-07-22 08:03:00', '2025-07-22 17:43:00', 9.67, '2025-07-22', 'Manual attendance', '2025-08-10 14:16:02', '2025-08-10 14:16:02'),
(1632, 74, 1, 1, NULL, NULL, '2025-07-23 08:11:00', '2025-07-23 17:19:00', 9.13, '2025-07-23', 'Manual attendance', '2025-08-10 14:16:02', '2025-08-10 14:16:02'),
(1633, 74, 3, 1, NULL, NULL, '2025-07-24 07:50:00', '2025-07-24 17:42:00', 9.87, '2025-07-24', 'Manual attendance', '2025-08-10 14:16:02', '2025-08-10 14:16:02'),
(1634, 74, 1, 1, NULL, NULL, '2025-07-25 07:58:00', '2025-07-25 16:43:00', 8.75, '2025-07-25', 'Manual attendance', '2025-08-10 14:16:02', '2025-08-10 14:16:02'),
(1635, 74, 3, 3, NULL, NULL, '2025-07-26 08:08:00', '2025-07-26 17:02:00', 8.90, '2025-07-26', 'Weekend off', '2025-08-10 14:16:02', '2025-08-10 14:16:02'),
(1637, 74, 1, 1, NULL, NULL, '2025-07-29 08:12:00', '2025-07-29 16:59:00', 8.78, '2025-07-29', 'Auto checkout', '2025-08-10 14:16:02', '2025-08-10 14:16:02'),
(1638, 74, 1, 1, NULL, NULL, '2025-07-30 07:55:00', '2025-07-30 16:34:00', 8.65, '2025-07-30', 'Manual attendance', '2025-08-10 14:16:02', '2025-08-10 14:16:02'),
(1639, 74, 1, 1, NULL, NULL, '2025-07-31 07:55:00', '2025-07-31 16:46:00', 8.85, '2025-07-31', 'Manual attendance', '2025-08-10 14:16:02', '2025-08-10 14:16:02'),
(1640, 74, 3, 1, NULL, NULL, '2025-08-01 08:09:00', '2025-08-01 17:43:00', 9.57, '2025-08-01', 'Manual attendance', '2025-08-10 14:16:02', '2025-08-10 14:16:02'),
(1642, 74, 2, 1, NULL, NULL, '2025-08-05 07:53:00', '2025-08-05 17:34:00', 9.68, '2025-08-05', 'Manual attendance', '2025-08-10 14:16:02', '2025-08-10 14:16:02'),
(1643, 74, 1, 1, NULL, NULL, '2025-08-06 07:47:00', '2025-08-06 17:56:00', 10.15, '2025-08-06', 'Manual attendance', '2025-08-10 14:16:02', '2025-08-10 14:16:02'),
(1644, 74, 1, 3, NULL, NULL, '2025-08-07 00:00:00', NULL, 0.00, '2025-08-07', 'Absent', '2025-08-10 14:16:02', '2025-08-10 14:16:02'),
(1645, 75, 2, 1, NULL, NULL, '2025-07-01 08:01:00', '2025-07-01 16:29:00', 8.47, '2025-07-01', 'Manual attendance', '2025-08-10 14:16:02', '2025-08-10 14:16:02'),
(1646, 75, 1, 1, NULL, NULL, '2025-07-02 08:03:00', '2025-07-02 17:27:00', 9.40, '2025-07-02', 'Manual attendance', '2025-08-10 14:16:02', '2025-08-10 14:16:02'),
(1647, 75, 1, 1, NULL, NULL, '2025-07-03 08:14:00', '2025-07-03 16:29:00', 8.25, '2025-07-03', 'Manual attendance', '2025-08-10 14:16:02', '2025-08-10 14:16:02'),
(1648, 75, 1, 1, NULL, NULL, '2025-07-04 07:49:00', '2025-07-04 17:31:00', 9.70, '2025-07-04', 'Manual attendance', '2025-08-10 14:16:02', '2025-08-10 14:16:02'),
(1649, 75, 3, 1, NULL, NULL, '2025-07-05 07:56:00', '2025-07-05 17:39:00', 9.72, '2025-07-05', 'Manual attendance', '2025-08-10 14:16:02', '2025-08-10 14:16:02'),
(1650, 75, 1, 1, NULL, NULL, '2025-07-08 07:58:00', '2025-07-08 16:01:00', 8.05, '2025-07-08', 'Manual attendance', '2025-08-10 14:16:02', '2025-08-10 14:16:02'),
(1651, 75, 1, 1, NULL, NULL, '2025-07-09 07:54:00', '2025-07-09 16:08:00', 8.23, '2025-07-09', 'Manual attendance', '2025-08-10 14:16:02', '2025-08-10 14:16:02'),
(1652, 75, 1, 1, NULL, NULL, '2025-07-10 07:46:00', '2025-07-10 16:01:00', 8.25, '2025-07-10', 'Manual attendance', '2025-08-10 14:16:02', '2025-08-10 14:16:02'),
(1653, 75, 1, 1, NULL, NULL, '2025-07-11 07:48:00', '2025-07-11 17:02:00', 9.23, '2025-07-11', 'Auto checkout', '2025-08-10 14:16:02', '2025-08-10 14:16:02'),
(1655, 75, 1, 1, NULL, NULL, '2025-07-15 07:53:00', '2025-07-15 17:43:00', 9.83, '2025-07-15', 'Manual attendance', '2025-08-10 14:16:02', '2025-08-10 14:16:02'),
(1656, 75, 2, 1, NULL, NULL, '2025-07-16 08:11:00', '2025-07-16 17:57:00', 9.77, '2025-07-16', 'Manual attendance', '2025-08-10 14:16:02', '2025-08-10 14:16:02'),
(1657, 75, 1, 1, NULL, NULL, '2025-07-17 08:04:00', '2025-07-17 17:41:00', 9.62, '2025-07-17', 'Manual attendance', '2025-08-10 14:16:02', '2025-08-10 14:16:02'),
(1658, 75, 2, 1, NULL, NULL, '2025-07-18 07:47:00', '2025-07-18 16:58:00', 9.18, '2025-07-18', 'Auto checkout', '2025-08-10 14:16:02', '2025-08-10 14:16:02'),
(1661, 75, 2, 1, NULL, NULL, '2025-07-21 08:03:00', '2025-07-21 16:22:00', 8.32, '2025-07-21', 'Manual attendance', '2025-08-10 14:16:02', '2025-08-10 14:16:02'),
(1662, 75, 2, 1, NULL, NULL, '2025-07-22 07:54:00', '2025-07-22 17:43:00', 9.82, '2025-07-22', 'Manual attendance', '2025-08-10 14:16:02', '2025-08-10 14:16:02'),
(1663, 75, 2, 1, NULL, NULL, '2025-07-23 07:57:00', '2025-07-23 17:00:00', 9.05, '2025-07-23', 'Auto checkout', '2025-08-10 14:16:02', '2025-08-10 14:16:02');
INSERT INTO `attendance` (`id_attendance`, `user_id`, `category_id`, `status_id`, `location_id`, `booking_id`, `time_in`, `time_out`, `work_hour`, `attendance_date`, `notes`, `created_at`, `updated_at`) VALUES
(1664, 75, 1, 1, NULL, NULL, '2025-07-24 08:04:00', '2025-07-24 17:54:00', 9.83, '2025-07-24', 'Manual attendance', '2025-08-10 14:16:02', '2025-08-10 14:16:02'),
(1665, 75, 2, 1, NULL, NULL, '2025-07-25 08:11:00', '2025-07-25 16:18:00', 8.12, '2025-07-25', 'Manual attendance', '2025-08-10 14:16:02', '2025-08-10 14:16:02'),
(1667, 75, 1, 1, NULL, NULL, '2025-07-29 07:58:00', '2025-07-29 17:02:00', 9.07, '2025-07-29', 'Auto checkout', '2025-08-10 14:16:02', '2025-08-10 14:16:02'),
(1668, 75, 1, 1, NULL, NULL, '2025-07-30 08:13:00', '2025-07-30 16:03:00', 7.83, '2025-07-30', 'Manual attendance', '2025-08-10 14:16:02', '2025-08-10 14:16:02'),
(1669, 75, 1, 2, NULL, NULL, '2025-07-31 08:23:00', '2025-07-31 17:23:00', 9.00, '2025-07-31', 'Manual attendance', '2025-08-10 14:16:02', '2025-08-10 14:16:02'),
(1670, 75, 2, 2, NULL, NULL, '2025-08-01 08:08:00', '2025-08-01 17:09:00', 9.02, '2025-08-01', 'Manual attendance', '2025-08-10 14:16:02', '2025-08-10 14:16:02'),
(1672, 75, 1, 1, NULL, NULL, '2025-08-05 08:09:00', '2025-08-05 17:57:00', 9.80, '2025-08-05', 'Manual attendance', '2025-08-10 14:16:02', '2025-08-10 14:16:02'),
(1673, 75, 1, 1, NULL, NULL, '2025-08-06 08:07:00', '2025-08-06 17:01:00', 8.90, '2025-08-06', 'Auto checkout', '2025-08-10 14:16:02', '2025-08-10 14:16:02'),
(1674, 75, 1, 1, NULL, NULL, '2025-08-07 08:06:00', '2025-08-07 17:03:00', 8.95, '2025-08-07', 'Auto checkout', '2025-08-10 14:16:02', '2025-08-10 14:16:02'),
(1675, 76, 1, 1, NULL, NULL, '2025-07-01 07:53:00', '2025-07-01 16:08:00', 8.25, '2025-07-01', 'Manual attendance', '2025-08-10 14:16:02', '2025-08-10 14:16:02'),
(1676, 76, 1, 1, NULL, NULL, '2025-07-02 08:01:00', '2025-07-02 17:01:00', 9.00, '2025-07-02', 'Auto checkout', '2025-08-10 14:16:02', '2025-08-10 14:16:02'),
(1677, 76, 1, 1, NULL, NULL, '2025-07-03 07:46:00', '2025-07-03 16:37:00', 8.85, '2025-07-03', 'Manual attendance', '2025-08-10 14:16:02', '2025-08-10 14:16:02'),
(1678, 76, 1, 1, NULL, NULL, '2025-07-04 08:11:00', '2025-07-04 16:11:00', 8.00, '2025-07-04', 'Manual attendance', '2025-08-10 14:16:02', '2025-08-10 14:16:02'),
(1680, 76, 2, 1, NULL, NULL, '2025-07-08 08:03:00', '2025-07-08 16:56:00', 8.88, '2025-07-08', 'Auto checkout', '2025-08-10 14:16:02', '2025-08-10 14:16:02'),
(1681, 76, 1, 1, NULL, NULL, '2025-07-09 07:57:00', '2025-07-09 16:50:00', 8.88, '2025-07-09', 'Manual attendance', '2025-08-10 14:16:02', '2025-08-10 14:16:02'),
(1682, 76, 1, 1, NULL, NULL, '2025-07-10 07:49:00', '2025-07-10 17:09:00', 9.33, '2025-07-10', 'Manual attendance', '2025-08-10 14:16:02', '2025-08-10 14:16:02'),
(1683, 76, 1, 1, NULL, NULL, '2025-07-11 07:54:00', '2025-07-11 17:01:00', 9.12, '2025-07-11', 'Manual attendance', '2025-08-10 14:16:02', '2025-08-10 14:16:02'),
(1685, 76, 3, 1, NULL, NULL, '2025-07-15 07:45:00', '2025-07-15 17:38:00', 9.88, '2025-07-15', 'Manual attendance', '2025-08-10 14:16:02', '2025-08-10 14:16:02'),
(1686, 76, 1, 1, NULL, NULL, '2025-07-16 08:10:00', '2025-07-16 16:32:00', 8.37, '2025-07-16', 'Manual attendance', '2025-08-10 14:16:02', '2025-08-10 14:16:02'),
(1687, 76, 1, 1, NULL, NULL, '2025-07-17 07:53:00', '2025-07-17 17:22:00', 9.48, '2025-07-17', 'Manual attendance', '2025-08-10 14:16:02', '2025-08-10 14:16:02'),
(1688, 76, 1, 1, NULL, NULL, '2025-07-18 08:04:00', '2025-07-18 16:55:00', 8.85, '2025-07-18', 'Auto checkout', '2025-08-10 14:16:02', '2025-08-10 14:16:02'),
(1691, 76, 1, 1, NULL, NULL, '2025-07-22 08:04:00', '2025-07-22 17:38:00', 9.57, '2025-07-22', 'Manual attendance', '2025-08-10 14:16:02', '2025-08-10 14:16:02'),
(1692, 76, 1, 1, NULL, NULL, '2025-07-23 07:55:00', '2025-07-23 16:19:00', 8.40, '2025-07-23', 'Manual attendance', '2025-08-10 14:16:02', '2025-08-10 14:16:02'),
(1693, 76, 3, 1, NULL, NULL, '2025-07-24 07:54:00', '2025-07-24 16:59:00', 9.08, '2025-07-24', 'Auto checkout', '2025-08-10 14:16:02', '2025-08-10 14:16:02'),
(1694, 76, 3, 1, NULL, NULL, '2025-07-25 07:46:00', '2025-07-25 16:33:00', 8.78, '2025-07-25', 'Manual attendance', '2025-08-10 14:16:02', '2025-08-10 14:16:02'),
(1696, 76, 1, 1, NULL, NULL, '2025-07-29 08:12:00', '2025-07-29 17:03:00', 8.85, '2025-07-29', 'Auto checkout', '2025-08-10 14:16:02', '2025-08-10 14:16:02'),
(1697, 76, 1, 1, NULL, NULL, '2025-07-30 07:46:00', '2025-07-30 16:59:00', 9.22, '2025-07-30', 'Auto checkout', '2025-08-10 14:16:02', '2025-08-10 14:16:02'),
(1698, 76, 3, 1, NULL, NULL, '2025-07-31 08:08:00', '2025-07-31 17:02:00', 8.90, '2025-07-31', 'Auto checkout', '2025-08-10 14:16:02', '2025-08-10 14:16:02'),
(1699, 76, 2, 1, NULL, NULL, '2025-08-01 07:52:00', '2025-08-01 16:57:00', 9.08, '2025-08-01', 'Auto checkout', '2025-08-10 14:16:02', '2025-08-10 14:16:02'),
(1701, 76, 1, 1, NULL, NULL, '2025-08-04 08:13:00', '2025-08-04 17:13:00', 9.00, '2025-08-04', 'Manual attendance', '2025-08-10 14:16:02', '2025-08-10 14:16:02'),
(1702, 76, 3, 1, NULL, NULL, '2025-08-05 07:52:00', '2025-08-05 17:28:00', 9.60, '2025-08-05', 'Manual attendance', '2025-08-10 14:16:02', '2025-08-10 14:16:02'),
(1703, 76, 1, 1, NULL, NULL, '2025-08-06 07:54:00', '2025-08-06 16:58:00', 9.07, '2025-08-06', 'Auto checkout', '2025-08-10 14:16:02', '2025-08-10 14:16:02'),
(1704, 76, 1, 1, NULL, NULL, '2025-08-07 08:00:00', '2025-08-07 17:29:00', 9.48, '2025-08-07', 'Manual attendance', '2025-08-10 14:16:02', '2025-08-10 14:16:02');

-- --------------------------------------------------------

--
-- Table structure for table `attendance_categories`
--

CREATE TABLE `attendance_categories` (
  `id_attendance_categories` int(11) NOT NULL,
  `category_name` varchar(50) NOT NULL
) ENGINE=InnoDB DEFAULT CHARSET=utf8mb4 COLLATE=utf8mb4_general_ci;

--
-- Dumping data for table `attendance_categories`
--

INSERT INTO `attendance_categories` (`id_attendance_categories`, `category_name`) VALUES
(1, 'Work From Office'),
(2, 'Work From Home'),
(3, 'Work From Anywhere');

-- --------------------------------------------------------

--
-- Table structure for table `attendance_statuses`
--

CREATE TABLE `attendance_statuses` (
  `id_attendance_status` int(11) NOT NULL,
  `attendance_status_name` varchar(50) NOT NULL
) ENGINE=InnoDB DEFAULT CHARSET=utf8mb4 COLLATE=utf8mb4_general_ci;

--
-- Dumping data for table `attendance_statuses`
--

INSERT INTO `attendance_statuses` (`id_attendance_status`, `attendance_status_name`) VALUES
(1, 'ontime'),
(2, 'late'),
(3, 'alpha'),
(4, 'early');

-- --------------------------------------------------------

--
-- Table structure for table `bookings`
--

CREATE TABLE `bookings` (
  `booking_id` int(11) NOT NULL,
  `user_id` int(11) NOT NULL,
  `schedule_date` date NOT NULL,
  `location_id` int(11) NOT NULL,
  `status` int(11) NOT NULL,
  `notes` text NOT NULL,
  `created_at` datetime NOT NULL,
  `approved_by` int(11) DEFAULT NULL,
  `processed_at` datetime DEFAULT NULL,
  `suitability_score` decimal(5,2) DEFAULT NULL,
  `suitability_label` varchar(50) DEFAULT NULL,
  `rejection_reason` int(11) DEFAULT NULL
) ENGINE=InnoDB DEFAULT CHARSET=utf8mb4 COLLATE=utf8mb4_general_ci;

-- --------------------------------------------------------

--
-- Table structure for table `booking_status`
--

CREATE TABLE `booking_status` (
  `id_booking_status` int(11) NOT NULL,
  `name_status` varchar(100) NOT NULL
) ENGINE=InnoDB DEFAULT CHARSET=utf8mb4 COLLATE=utf8mb4_general_ci;

--
-- Dumping data for table `booking_status`
--

INSERT INTO `booking_status` (`id_booking_status`, `name_status`) VALUES
(1, 'approved'),
(2, 'rejected'),
(3, 'pending');

-- --------------------------------------------------------

--
-- Table structure for table `discipline_scores`
--

CREATE TABLE `discipline_scores` (
  `id` int(11) NOT NULL,
  `user_id` int(11) NOT NULL,
  `period_month` int(11) NOT NULL,
  `period_year` int(11) NOT NULL,
  `discipline_score` decimal(5,2) NOT NULL,
  `discipline_label` varchar(50) DEFAULT NULL,
  `details` longtext CHARACTER SET utf8mb4 COLLATE utf8mb4_bin DEFAULT NULL CHECK (json_valid(`details`)),
  `calculated_at` datetime NOT NULL DEFAULT current_timestamp()
) ENGINE=InnoDB DEFAULT CHARSET=utf8mb4 COLLATE=utf8mb4_general_ci;

-- --------------------------------------------------------

--
-- Table structure for table `divisions`
--

CREATE TABLE `divisions` (
  `id_divisions` int(11) NOT NULL,
  `division_name` varchar(100) NOT NULL
) ENGINE=InnoDB DEFAULT CHARSET=utf8mb4 COLLATE=utf8mb4_general_ci;

--
-- Dumping data for table `divisions`
--

INSERT INTO `divisions` (`id_divisions`, `division_name`) VALUES
(1, 'Front-End Developer'),
(2, 'Back-End Developer'),
(3, 'DevOps Engineer'),
(4, 'Data Scientist'),
(5, 'UI/UX Designer'),
(6, 'Quality Assurance (QA)'),
(7, 'Desain UI/UX'),
(8, 'Desain Grafis'),
(9, 'Desain Game'),
(10, 'Manajemen Proyek'),
(11, 'Manajemen Keuangan'),
(12, 'Pemasaran Digital'),
(13, 'Pemasaran Media Sosial'),
(14, 'Layanan Pelanggan'),
(15, 'Pelatihan dan Pengembangan'),
(16, 'Manajemen Pengalaman Pelanggan');

-- --------------------------------------------------------

--
-- Table structure for table `locations`
--

CREATE TABLE `locations` (
  `location_id` int(11) NOT NULL,
  `latitude` decimal(10,6) NOT NULL,
  `longitude` decimal(10,6) NOT NULL,
  `radius` float(5,2) NOT NULL,
  `id_attendance_categories` int(11) NOT NULL,
  `description` text NOT NULL,
  `user_id` int(11) DEFAULT NULL,
  `created_at` datetime NOT NULL
) ENGINE=InnoDB DEFAULT CHARSET=utf8mb4 COLLATE=utf8mb4_general_ci;

--
-- Dumping data for table `locations`
--

INSERT INTO `locations` (`location_id`, `latitude`, `longitude`, `radius`, `id_attendance_categories`, `description`, `user_id`, `created_at`) VALUES
(1, -0.842239, 119.892637, 150.00, 1, 'Kantor Pusat Infinite Learning', NULL, '2025-06-17 13:35:22'),
(3, -6.208800, 106.845600, 100.00, 2, 'Rumah utama', 4, '2025-05-26 08:30:37'),
(4, -6.208800, 106.845600, 100.00, 2, 'Rumah utama', 7, '2025-05-27 08:04:50'),
(5, -6.208800, 106.845600, 100.00, 2, 'Rumah utama', 8, '2025-05-27 08:12:31'),
(6, -6.208800, 106.845600, 100.00, 2, 'Rumah utama', 9, '2025-05-27 11:36:51'),
(7, -6.208800, 106.845600, 100.00, 2, 'Rumah utama', 10, '2025-05-27 13:01:05'),
(8, -6.208800, 106.845600, 112.00, 2, 'Rumah utama', 11, '2025-06-02 05:30:25'),
(9, -1.060507, 119.946418, 112.00, 2, 'Kabobona, Sigi Regency, Central Sulawesi, Sulawesi, Indonesia', 12, '2025-06-02 05:36:11'),
(10, -6.236125, 107.000002, 100.00, 2, 'Parkir Pintu Utara Stasiun Bekasi, Jalan Perjuangan, Proyek, Margajaya, Bekasi, West Java, Java, 17141, Indonesia', 13, '2025-06-03 00:29:09'),
(11, 1.165630, 104.106725, 999.99, 2, 'Nongsa, Batam, Riau Islands, Sumatra, 29467, Indonesia', 14, '2025-06-03 08:47:18'),
(12, 1.185866, 104.102235, 999.99, 2, 'Nongsa Digital Park, Batam, Riau Islands, Sumatra, 29467, Indonesia', 15, '2025-06-03 08:55:11'),
(13, 1.181891, 104.102583, 999.99, 2, 'Jalan Hang Jebat, Nongsa, Batam, Riau Islands, Sumatra, 29467, Indonesia', 16, '2025-06-03 10:46:04'),
(14, -0.747049, 117.047842, 100.00, 2, 'Kutai Kartanegara, East Kalimantan, Kalimantan, Indonesia', 17, '2025-06-18 07:49:58'),
(15, -0.836243, 119.894654, 100.00, 2, 'Universitas Tadulako, Jalan Masjid Darul Hikmah, Boyangapa, Kecamatan Mantikulore, Palu, Central Sulawesi, Sulawesi, 94119, Indonesia', 18, '2025-06-19 09:55:33'),
(16, -6.200000, 106.816666, 100.00, 2, '', 19, '2025-06-19 10:54:12'),
(17, -6.208800, 106.845600, 112.00, 2, 'Rumah utama', 20, '2025-06-19 11:10:41'),
(18, -0.895779, 119.867997, 112.00, 2, 'Palu, Kecamatan Palu Timur, Palu, Central Sulawesi, Sulawesi, 94112, Indonesia', 21, '2025-06-19 11:23:26'),
(19, -6.200000, 106.816666, 100.00, 2, 'Rumah John Doe', 22, '2025-06-19 11:51:15'),
(20, 1.149882, 104.129794, 500.00, 2, 'Batu Besar, Batam, Riau Islands, Sumatra, 29467, Indonesia', 23, '2025-06-19 12:34:51'),
(24, -6.208800, 106.845600, 150.00, 2, 'Rumah utama', 2, '2025-05-26 07:52:49'),
(26, 1.132891, 104.112624, 999.99, 2, 'Jalan Hang Tuah, Batu Besar, Batam, Riau Islands, Sumatra, 29467, Indonesia', 24, '2025-06-07 11:30:36'),
(34, -6.208800, 106.845600, 100.00, 3, 'Ruko', 20, '2025-06-23 10:14:53'),
(45, -0.891345, 119.873403, 100.00, 3, 'Ruko', 20, '2025-07-03 05:54:13'),
(46, -6.208800, 106.845600, 100.00, 3, 'Ruko', 20, '2025-07-03 05:55:15'),
(47, -0.931819, 119.887125, 100.00, 3, 'Ruko', 20, '2025-07-03 05:57:49'),
(49, -0.931819, 119.887125, 100.00, 3, 'Ruko', 20, '2025-07-06 15:24:00'),
(50, -0.931819, 119.887125, 100.00, 3, 'Ruko', 20, '2025-07-07 15:32:43'),
(51, -0.845730, 119.882751, 100.00, 3, 'hhhh', 20, '2025-07-07 17:53:27'),
(53, -0.894266, 119.864342, 100.00, 3, 'Rumah pak ustadz', 10, '2025-07-07 18:48:23'),
(54, -0.920086, 119.893242, 100.00, 3, 'Rumah Makan', 20, '2025-07-27 19:09:35'),
(55, -0.970908, 119.892191, 958.00, 2, '', 25, '2025-07-27 20:02:51'),
(58, -0.896326, 119.883636, 100.00, 3, 'Diruma jegu', 25, '2025-08-03 15:23:15'),
(59, 1.163441, 104.028168, 100.00, 2, 'Bengkong Laut, Batam, Riau Islands, Sumatra, 29458, Indonesia', 26, '2025-08-09 17:30:08'),
(60, 1.115728, 103.973236, 100.00, 2, 'Jl.Tiban 2, Tiban Mutiara View, Tiban Indah, Batam, Riau Islands, Sumatra, 29427, Indonesia', 27, '2025-08-09 17:34:58'),
(61, 1.144905, 104.038467, 100.00, 2, 'Sadai, Batam, Riau Islands, Sumatra, 11223, Indonesia', 28, '2025-08-09 17:39:36'),
(62, 1.145935, 104.030914, 100.00, 2, 'Perumahan Bengkong Indah Bawah, Bengkong Indah, Batam, Riau Islands, Sumatra, 29458, Indonesia', 29, '2025-08-09 17:43:33'),
(63, -1.010690, 116.542969, 150.00, 2, 'Penajam Paser Utara, East Kalimantan, Kalimantan, Indonesia', 30, '2025-08-10 18:29:04'),
(64, 1.103028, 104.053745, 100.00, 2, 'Baloi Permai, Batam, Riau Islands, Sumatra, 29463, Indonesia', 31, '2025-08-10 18:32:53'),
(65, 1.018928, 103.403320, 100.00, 2, 'Teluk Uma, Karimun, Riau Islands, Sumatra, 29663, Indonesia', 32, '2025-08-10 18:35:07'),
(66, 1.185460, 104.102020, 100.00, 2, 'Default WFH Location', 33, '2025-08-10 18:37:37'),
(67, -8.021155, 113.307495, 100.00, 2, 'Salak, Lumajang, East Java, Java, 67354, Indonesia', 34, '2025-08-10 18:41:32'),
(68, -1.982551, 110.742788, 100.00, 2, 'Tanggerang, Jelai Hulu, Ketapang, West Kalimantan, Kalimantan, Indonesia', 35, '2025-08-10 18:46:25'),
(69, 0.964005, 103.908691, 150.00, 2, 'Pantai Gelam, Batam, Riau Islands, Sumatra, Indonesia', 36, '2025-08-10 18:49:57'),
(70, 1.121564, 104.062500, 100.00, 2, 'Kampung Belian, Batam, Riau Islands, Sumatra, 24961, Indonesia', 37, '2025-08-10 18:53:14'),
(71, 1.148338, 104.029198, 100.00, 2, 'Perumahan Bengkong Indah Bawah, Bengkong Harapan, Batam, Riau Islands, Sumatra, 29458, Indonesia', 38, '2025-08-10 18:55:48'),
(72, 1.118474, 103.959503, 100.00, 2, 'Patam Lestari, Batam, Riau Islands, Sumatra, 29427, Indonesia', 39, '2025-08-10 18:58:47'),
(73, 1.112982, 104.061813, 100.00, 2, 'PT. Mitra Karya Sarana, D1 No. 2, Jalan Raja Isa, Baloi Permai, Batam, Riau Islands, Sumatra, 29444, Indonesia', 40, '2025-08-10 19:01:04'),
(74, 1.158292, 104.119835, 100.00, 2, 'Batu Besar, Batam, Riau Islands, Sumatra, 29467, Indonesia', 41, '2025-08-10 19:04:07'),
(75, 1.035405, 104.093399, 100.00, 2, 'Batam, Riau Islands, Sumatra, 29437, Indonesia', 42, '2025-08-10 19:07:21'),
(76, 1.144562, 104.139061, 100.00, 2, 'Jalan Labuan Gorap, Kampung Jabi, Batam, Riau Islands, Sumatra, 29467, Indonesia', 43, '2025-08-10 19:10:17'),
(77, 1.154516, 104.113655, 100.00, 2, 'Nongsa, Batam, Riau Islands, Sumatra, 29467, Indonesia', 44, '2025-08-10 19:25:02'),
(78, -8.583773, 116.106850, 100.00, 2, 'Mataram, Kec. Selaparang, West Nusa Tenggara, Lesser Sunda Islands, Indonesia', 45, '2025-08-10 21:55:18'),
(79, -6.258085, 106.842733, 100.00, 2, 'Pancoran, South Jakarta, Special capital Region of Jakarta, Java, Indonesia', 46, '2025-08-10 21:58:56'),
(80, 1.110236, 104.061127, 100.00, 2, 'Jalan Raja Isa, Baloi Permai, Batam, Riau Islands, Sumatra, 29463, Indonesia', 47, '2025-08-10 22:01:17'),
(81, 1.101312, 104.036407, 100.00, 2, 'Kepri Mall, Jalan Jenderal Sudirman, Baloi, Pangkalan Petai, Batam, Riau Islands, Sumatra, 29462, Indonesia', 48, '2025-08-10 22:03:43'),
(82, 1.079343, 103.995209, 100.00, 2, 'Tiban Lama, Batam, Riau Islands, Sumatra, 29422, Indonesia', 49, '2025-08-10 22:07:46'),
(83, -6.591116, 106.800842, 100.00, 2, 'Jalan Sempur Kaler, Bogor Tengah, Bogor, West Java, Java, 16128, Indonesia', 50, '2025-08-10 22:10:40'),
(84, 1.123280, 104.120178, 100.00, 2, 'Hang Nadim Batam International Airport, Jl.Hang Kesturi, Batu Besar, Batam, Riau Islands, Sumatra, 29466, Indonesia', 51, '2025-08-10 22:12:30'),
(85, -6.573210, 106.752777, 100.00, 2, 'Bogor Barat, Bogor, West Java, Java, 16117, Indonesia', 52, '2025-08-10 22:14:27'),
(86, 3.605425, 98.690872, 100.00, 2, 'Medan Perjuangan, City of Medan, North Sumatra, Sumatra, 20222, Indonesia', 53, '2025-08-10 22:17:40'),
(87, 1.224882, 101.219788, 100.00, 2, 'Riau, Sumatra, Indonesia', 54, '2025-08-10 22:21:08'),
(88, 1.118131, 104.024391, 100.00, 2, 'Gedung Tiberias, Jalan Jenderal Sudirman, Baloi, Pangkalan Petai, Batam, Riau Islands, Sumatra, 29462, Indonesia', 55, '2025-08-10 22:23:30'),
(89, -6.981295, 110.444183, 100.00, 2, 'Relokasi Pasar Johar, Jalan Banjir Kanal Timur, RW 02, Sambirejo, Gayamsari, Semarang, Central Java, Java, 50162, Indonesia', 56, '2025-08-10 22:25:47'),
(90, -7.977468, 112.632694, 100.00, 2, 'Gereja Eleos, 8A, Jalan Tumapel, 09, Kel Kauman, Kec Klojen, Kota Malang, Kiduldalem, Malang, Kota Malang, East Java, Java, 65119, Indonesia', 57, '2025-08-10 22:28:37'),
(91, 4.326556, 98.081818, 100.00, 2, 'Tanah Terban, Karang Baru, Aceh Tamiang, Aceh, Sumatra, 24476, Indonesia', 58, '2025-08-10 22:30:53'),
(92, 4.368549, 97.025302, 100.00, 2, 'Aceh, Sumatra, Indonesia', 59, '2025-08-10 22:32:53'),
(93, -6.198923, 107.188797, 100.00, 2, 'Jalan Raya Buyut Kaifah, Sukajadi, Kab Bekasi, West Java, Java, 17630, Indonesia', 60, '2025-08-10 22:35:27'),
(94, 0.917148, 104.450111, 100.00, 2, 'Bukit Cermin, Tanjung Pinang, Riau Islands, Sumatra, 29112, Indonesia', 61, '2025-08-10 22:38:43'),
(95, -3.312934, 114.594612, 100.00, 2, 'Seberang Mesjid, Central Banjarmasin, Banjarmasin, South Kalimantan, Kalimantan, 70231, Indonesia', 62, '2025-08-10 22:53:14'),
(96, 1.150226, 104.030743, 100.00, 2, 'Perumahan Bengkong Indah Bawah, Bengkong Harapan, Batam, Riau Islands, Sumatra, 29458, Indonesia', 63, '2025-08-10 22:55:49'),
(97, 1.123967, 103.979416, 100.00, 2, 'Ciptaland, Tiban Indah, Batam, Riau Islands, Sumatra, 29423, Indonesia', 64, '2025-08-10 22:57:41'),
(98, 3.593947, 98.658943, 100.00, 2, 'Petisah Tengah, Petisah, Medan Petisah, City of Medan, North Sumatra, Sumatra, 20112, Indonesia', 65, '2025-08-10 22:59:51'),
(99, -1.625587, 103.615837, 100.00, 2, 'Kebun Handil, Jambi, Sumatra, 36136, Indonesia', 66, '2025-08-10 23:02:21'),
(100, -6.170934, 106.853199, 100.00, 2, 'RW 01, Harapan Mulya, Kemayoran, Central Jakarta, Special capital Region of Jakarta, Java, 10530, Indonesia', 67, '2025-08-10 23:04:18'),
(101, 3.593775, 98.658772, 100.00, 2, 'Gang Dame, Petisah, Medan Petisah, City of Medan, North Sumatra, Sumatra, 20118, Indonesia', 68, '2025-08-10 23:06:47'),
(102, -6.260868, 107.151203, 100.00, 2, 'Cikarang Kota, Cikarang, Kab Bekasi, West Java, Java, 17383, Indonesia', 69, '2025-08-10 23:16:33'),
(103, 1.102513, 104.050827, 100.00, 2, 'Baloi Permai, Batam, Riau Islands, Sumatra, 29463, Indonesia', 70, '2025-08-10 23:19:18'),
(104, 1.185460, 104.102020, 100.00, 2, 'Default WFH Location', 71, '2025-08-10 23:21:13'),
(105, 1.103028, 104.050999, 100.00, 2, 'Baloi Permai, Batam, Riau Islands, Sumatra, 29463, Indonesia', 72, '2025-08-10 23:36:20'),
(106, -2.523807, 120.720177, 100.00, 2, 'Tadulako, South Sulawesi, Sulawesi, Indonesia', 73, '2025-08-10 23:38:15'),
(107, 1.103886, 104.025421, 100.00, 2, 'Sukajadi, Batam, Riau Islands, Sumatra, 29462, Indonesia', 74, '2025-08-10 23:40:35'),
(108, 1.185460, 104.102020, 100.00, 2, 'Default WFH Location', 75, '2025-08-10 23:47:26'),
(109, -4.653080, 130.957031, 100.00, 2, 'Maluku, Indonesia', 76, '2025-08-10 23:49:32');

-- --------------------------------------------------------

--
-- Table structure for table `location_events`
--

CREATE TABLE `location_events` (
  `id` int(11) NOT NULL,
  `user_id` int(11) NOT NULL,
  `location_id` int(11) NOT NULL,
  `event_type` enum('ENTER','EXIT') NOT NULL,
  `event_timestamp` datetime NOT NULL
) ENGINE=InnoDB DEFAULT CHARSET=utf8mb4 COLLATE=utf8mb4_general_ci;

--
-- Dumping data for table `location_events`
--

INSERT INTO `location_events` (`id`, `user_id`, `location_id`, `event_type`, `event_timestamp`) VALUES
(1, 20, 1, 'EXIT', '2025-06-23 08:50:00'),
(2, 20, 1, 'ENTER', '2025-06-23 09:50:00'),
(3, 20, 1, 'ENTER', '2025-06-23 09:50:00'),
(4, 20, 1, 'ENTER', '2025-06-23 09:50:00'),
(5, 20, 1, 'ENTER', '2025-06-23 09:50:00'),
(6, 20, 1, 'ENTER', '2025-06-23 12:50:00'),
(7, 20, 1, 'ENTER', '2025-06-23 12:50:00'),
(8, 20, 1, 'ENTER', '2025-07-02 17:00:00'),
(9, 20, 1, 'ENTER', '2025-07-02 18:00:00'),
(10, 20, 1, 'ENTER', '2025-07-02 18:00:00'),
(11, 20, 1, 'ENTER', '2025-07-02 18:00:00'),
(12, 20, 1, 'ENTER', '2025-07-02 18:00:00'),
(13, 20, 1, 'ENTER', '2025-07-02 18:00:00'),
(14, 20, 1, 'ENTER', '2025-07-02 18:00:00'),
(15, 20, 1, 'ENTER', '2025-07-02 18:00:00'),
(16, 20, 1, 'ENTER', '2025-07-02 18:00:00'),
(17, 20, 1, 'ENTER', '2025-07-02 18:00:00'),
(18, 20, 1, 'ENTER', '2025-07-02 18:00:00'),
(19, 20, 1, 'ENTER', '2025-07-02 18:00:00'),
(20, 20, 1, 'ENTER', '2025-07-02 19:00:00'),
(21, 20, 1, 'ENTER', '2025-07-02 19:10:00');

-- --------------------------------------------------------

--
-- Table structure for table `photos`
--

CREATE TABLE `photos` (
  `id_photos` int(11) NOT NULL,
  `user_id` int(11) DEFAULT NULL,
  `photo_url` text NOT NULL,
  `public_id` text NOT NULL,
  `photo_updated_at` datetime NOT NULL
) ENGINE=InnoDB DEFAULT CHARSET=utf8mb4 COLLATE=utf8mb4_general_ci;

--
-- Dumping data for table `photos`
--

INSERT INTO `photos` (`id_photos`, `user_id`, `photo_url`, `public_id`, `photo_updated_at`) VALUES
(5, 2, 'uploads\\face\\face-1748245969655-859492489.jpg', '', '2025-05-26 07:52:49'),
(6, 3, 'uploads\\face\\face-1748246409017-181078066.jpg', '', '2025-05-26 08:00:09'),
(7, 4, 'uploads\\face\\face-1748248237329-37107794.jpg', '', '2025-05-26 08:30:37'),
(8, 7, 'uploads\\face\\face-1748333090217-344943194.jpg', '', '2025-05-27 08:04:50'),
(9, 8, 'uploads\\face\\face-1748333551027-218673770.jpg', '', '2025-05-27 08:12:31'),
(10, 9, 'uploads\\face\\face-1748345811412-863167318.jpg', '', '2025-05-27 11:36:51'),
(11, 10, 'uploads\\face\\face-1748350865849-90443260.jpg', '', '2025-05-27 13:01:05'),
(12, 11, 'uploads\\face\\face-1748842225018-402004703.jpg', '', '2025-06-02 05:30:25'),
(13, 12, 'https://res.cloudinary.com/dfbcj6o7j/image/upload/v1754729936/face_photos/xxblaqxeduzbvuv0ulvo.jpg', 'face_photos/xxblaqxeduzbvuv0ulvo', '2025-08-09 15:58:57'),
(14, 13, 'https://res.cloudinary.com/dfbcj6o7j/image/upload/v1750204929/face_photos/my7kkuajdfnuy8nsayro.jpg', 'face_photos/my7kkuajdfnuy8nsayro', '2025-06-18 00:02:09'),
(15, 14, 'uploads/face/face-1750247555463-829849.jpg', '', '2025-06-18 11:52:35'),
(16, 15, 'uploads/face/face-1750327006873-84545.jpg', '', '2025-06-19 09:56:46'),
(17, 16, 'uploads\\face\\face-1748947564368-192253868.jpg', '', '2025-06-03 10:46:04'),
(18, 17, 'uploads/face/face-1750233067544-979561.jpg', '', '2025-06-18 07:51:07'),
(19, 18, 'https://res.cloudinary.com/dfbcj6o7j/image/upload/v1749129796/face_photos/wyb7z3huq6dqmlsiswtd.png', 'face_photos/wyb7z3huq6dqmlsiswtd', '2025-06-19 13:22:28'),
(20, 19, 'https://res.cloudinary.com/dfbcj6o7j/image/upload/v1749127162/face_photos/abps8etahwbrybka8rl5.jpg', 'face_photos/abps8etahwbrybka8rl5', '2025-06-19 12:38:34'),
(21, 20, 'https://res.cloudinary.com/dfbcj6o7j/image/upload/v1749121889/user_photos/rnqpzaqv2gf3mlfh0b9r.jpg', 'user_photos/rnqpzaqv2gf3mlfh0b9r', '2025-06-19 11:10:41'),
(22, 21, 'https://res.cloudinary.com/dfbcj6o7j/image/upload/v1749126784/face_photos/jxzctvgi1agz5zwoallv.jpg', 'face_photos/jxzctvgi1agz5zwoallv', '2025-06-19 12:32:17'),
(23, 22, 'https://res.cloudinary.com/dfbcj6o7j/image/upload/v1749124323/face_photos/xrj5boa7bjqzk3yzgpsl.jpg', 'face_photos/xrj5boa7bjqzk3yzgpsl', '2025-06-19 11:51:15'),
(24, 23, 'https://res.cloudinary.com/dfbcj6o7j/image/upload/v1749126939/face_photos/imad21vtwvjwp0jfx9p2.jpg', 'face_photos/imad21vtwvjwp0jfx9p2', '2025-06-19 12:34:51'),
(25, 24, 'https://res.cloudinary.com/dfbcj6o7j/image/upload/v1749295836/face_photos/pnemsigisypn2k8sjtxc.png', 'face_photos/pnemsigisypn2k8sjtxc', '2025-06-07 11:30:36'),
(26, 25, 'https://res.cloudinary.com/dfbcj6o7j/image/upload/v1754200268/face_photos/s5yjttepholdempxyjww.jpg', 'face_photos/s5yjttepholdempxyjww', '2025-08-03 12:51:09'),
(27, 26, 'https://res.cloudinary.com/dfbcj6o7j/image/upload/v1754735408/face_photos/ogallgvyqxwamahoc9ps.jpg', 'face_photos/ogallgvyqxwamahoc9ps', '2025-08-09 17:30:08'),
(28, 27, 'https://res.cloudinary.com/dfbcj6o7j/image/upload/v1754735698/face_photos/xzpphv0dvcpiaqv4vsiw.jpg', 'face_photos/xzpphv0dvcpiaqv4vsiw', '2025-08-09 17:34:58'),
(29, 28, 'https://res.cloudinary.com/dfbcj6o7j/image/upload/v1754735975/face_photos/l8zycatslwdssyvuanrk.jpg', 'face_photos/l8zycatslwdssyvuanrk', '2025-08-09 17:39:36'),
(30, 29, 'https://res.cloudinary.com/dfbcj6o7j/image/upload/v1754736213/face_photos/wx6k154wkg7cgivkwplw.jpg', 'face_photos/wx6k154wkg7cgivkwplw', '2025-08-09 17:43:33'),
(31, 30, 'https://res.cloudinary.com/dfbcj6o7j/image/upload/v1754825344/face_photos/r530ixsrlrleubh04ynx.jpg', 'face_photos/r530ixsrlrleubh04ynx', '2025-08-10 18:29:04'),
(32, 31, 'https://res.cloudinary.com/dfbcj6o7j/image/upload/v1754825573/face_photos/l24yrqlgkkfzavht8ess.jpg', 'face_photos/l24yrqlgkkfzavht8ess', '2025-08-10 18:32:53'),
(33, 32, 'https://res.cloudinary.com/dfbcj6o7j/image/upload/v1754825707/face_photos/g472m84djynsemgxubio.jpg', 'face_photos/g472m84djynsemgxubio', '2025-08-10 18:35:07'),
(34, 33, 'https://res.cloudinary.com/dfbcj6o7j/image/upload/v1754825857/face_photos/ibbttfxnrnqeblauzpjk.jpg', 'face_photos/ibbttfxnrnqeblauzpjk', '2025-08-10 18:37:37'),
(35, 34, 'https://res.cloudinary.com/dfbcj6o7j/image/upload/v1754826092/face_photos/dt8fs0ibokgorgu6jg9y.jpg', 'face_photos/dt8fs0ibokgorgu6jg9y', '2025-08-10 18:41:32'),
(36, 35, 'https://res.cloudinary.com/dfbcj6o7j/image/upload/v1754826384/face_photos/yazfbghxkkx9ltbd8ukn.jpg', 'face_photos/yazfbghxkkx9ltbd8ukn', '2025-08-10 18:46:25'),
(37, 36, 'https://res.cloudinary.com/dfbcj6o7j/image/upload/v1754826596/face_photos/fmf9zzmd8kkgu619p5dn.jpg', 'face_photos/fmf9zzmd8kkgu619p5dn', '2025-08-10 18:49:57'),
(38, 37, 'https://res.cloudinary.com/dfbcj6o7j/image/upload/v1754826793/face_photos/qyrqu7kzrxx1rvxiuzcc.jpg', 'face_photos/qyrqu7kzrxx1rvxiuzcc', '2025-08-10 18:53:14'),
(39, 38, 'https://res.cloudinary.com/dfbcj6o7j/image/upload/v1754826948/face_photos/swz39dvdblzpvfekkfcg.jpg', 'face_photos/swz39dvdblzpvfekkfcg', '2025-08-10 18:55:48'),
(40, 39, 'https://res.cloudinary.com/dfbcj6o7j/image/upload/v1754827126/face_photos/sukhv3sswdyr40lcoitv.jpg', 'face_photos/sukhv3sswdyr40lcoitv', '2025-08-10 18:58:47'),
(41, 40, 'https://res.cloudinary.com/dfbcj6o7j/image/upload/v1754827264/face_photos/qmfbefagneq9icx1gdc9.jpg', 'face_photos/qmfbefagneq9icx1gdc9', '2025-08-10 19:01:04'),
(42, 41, 'https://res.cloudinary.com/dfbcj6o7j/image/upload/v1754827447/face_photos/trpdq6ldctjuvfhcpgpz.jpg', 'face_photos/trpdq6ldctjuvfhcpgpz', '2025-08-10 19:04:07'),
(43, 42, 'https://res.cloudinary.com/dfbcj6o7j/image/upload/v1754827641/face_photos/yzbxugbmabjqlgtnxtd8.jpg', 'face_photos/yzbxugbmabjqlgtnxtd8', '2025-08-10 19:07:21'),
(44, 43, 'https://res.cloudinary.com/dfbcj6o7j/image/upload/v1754827817/face_photos/azhz9igqwr2eodithab1.jpg', 'face_photos/azhz9igqwr2eodithab1', '2025-08-10 19:10:17'),
(45, 44, 'https://res.cloudinary.com/dfbcj6o7j/image/upload/v1754828702/face_photos/w61vkhvvrrm0rsieiym9.jpg', 'face_photos/w61vkhvvrrm0rsieiym9', '2025-08-10 19:25:02'),
(46, 45, 'https://res.cloudinary.com/dfbcj6o7j/image/upload/v1754837718/face_photos/d2pzwnri8ovvmn0kjtb6.jpg', 'face_photos/d2pzwnri8ovvmn0kjtb6', '2025-08-10 21:55:18'),
(47, 46, 'https://res.cloudinary.com/dfbcj6o7j/image/upload/v1754837936/face_photos/kpmohzfxi1mrrglh74h0.jpg', 'face_photos/kpmohzfxi1mrrglh74h0', '2025-08-10 21:58:56'),
(48, 47, 'https://res.cloudinary.com/dfbcj6o7j/image/upload/v1754838077/face_photos/xdorkcglon7dvrdbymlm.jpg', 'face_photos/xdorkcglon7dvrdbymlm', '2025-08-10 22:01:17'),
(49, 48, 'https://res.cloudinary.com/dfbcj6o7j/image/upload/v1754838222/face_photos/d5gzxnsjhsvmvt97nk11.jpg', 'face_photos/d5gzxnsjhsvmvt97nk11', '2025-08-10 22:03:43'),
(50, 49, 'https://res.cloudinary.com/dfbcj6o7j/image/upload/v1754838466/face_photos/ounp7l53guw6i9dthgfa.jpg', 'face_photos/ounp7l53guw6i9dthgfa', '2025-08-10 22:07:46'),
(51, 50, 'https://res.cloudinary.com/dfbcj6o7j/image/upload/v1754838640/face_photos/rdjnol5x0ymo7dqwh5hj.jpg', 'face_photos/rdjnol5x0ymo7dqwh5hj', '2025-08-10 22:10:40'),
(52, 51, 'https://res.cloudinary.com/dfbcj6o7j/image/upload/v1754838750/face_photos/wuvugbo5ynuaaylq0qqo.jpg', 'face_photos/wuvugbo5ynuaaylq0qqo', '2025-08-10 22:12:30'),
(53, 52, 'https://res.cloudinary.com/dfbcj6o7j/image/upload/v1754838867/face_photos/knodsioqz9txgttaom79.jpg', 'face_photos/knodsioqz9txgttaom79', '2025-08-10 22:14:27'),
(54, 53, 'https://res.cloudinary.com/dfbcj6o7j/image/upload/v1754839060/face_photos/skzuqd2x0bk7vjbmfbnd.jpg', 'face_photos/skzuqd2x0bk7vjbmfbnd', '2025-08-10 22:17:40'),
(55, 54, 'https://res.cloudinary.com/dfbcj6o7j/image/upload/v1754839268/face_photos/xdxtajf08z623qmbsbpq.jpg', 'face_photos/xdxtajf08z623qmbsbpq', '2025-08-10 22:21:08'),
(56, 55, 'https://res.cloudinary.com/dfbcj6o7j/image/upload/v1754839410/face_photos/ltyih8ilalwyfwfa7kjz.jpg', 'face_photos/ltyih8ilalwyfwfa7kjz', '2025-08-10 22:23:30'),
(57, 56, 'https://res.cloudinary.com/dfbcj6o7j/image/upload/v1754839547/face_photos/ciqralt14np77za8zlnj.jpg', 'face_photos/ciqralt14np77za8zlnj', '2025-08-10 22:25:47'),
(58, 57, 'https://res.cloudinary.com/dfbcj6o7j/image/upload/v1754839717/face_photos/tmgy6s65o2b9dbaif3jz.jpg', 'face_photos/tmgy6s65o2b9dbaif3jz', '2025-08-10 22:28:37'),
(59, 58, 'https://res.cloudinary.com/dfbcj6o7j/image/upload/v1754839852/face_photos/fdoumwteexwjwkait1py.jpg', 'face_photos/fdoumwteexwjwkait1py', '2025-08-10 22:30:53'),
(60, 59, 'https://res.cloudinary.com/dfbcj6o7j/image/upload/v1754839973/face_photos/y41j1pfeqhcb1ro4xqzw.jpg', 'face_photos/y41j1pfeqhcb1ro4xqzw', '2025-08-10 22:32:53'),
(61, 60, 'https://res.cloudinary.com/dfbcj6o7j/image/upload/v1754840127/face_photos/po0tmrlmkpzngjticxdx.jpg', 'face_photos/po0tmrlmkpzngjticxdx', '2025-08-10 22:35:27'),
(62, 61, 'https://res.cloudinary.com/dfbcj6o7j/image/upload/v1754840323/face_photos/c3v4ygjluxuamuapstfl.jpg', 'face_photos/c3v4ygjluxuamuapstfl', '2025-08-10 22:38:43'),
(63, 62, 'https://res.cloudinary.com/dfbcj6o7j/image/upload/v1754841193/face_photos/qp7kpcpoecrnsqtzmdzd.jpg', 'face_photos/qp7kpcpoecrnsqtzmdzd', '2025-08-10 22:53:14'),
(64, 63, 'https://res.cloudinary.com/dfbcj6o7j/image/upload/v1754841348/face_photos/xvren8cula0mulzczsgt.jpg', 'face_photos/xvren8cula0mulzczsgt', '2025-08-10 22:55:49'),
(65, 64, 'https://res.cloudinary.com/dfbcj6o7j/image/upload/v1754841460/face_photos/kqf3ozpzx4n4qm28fcfy.jpg', 'face_photos/kqf3ozpzx4n4qm28fcfy', '2025-08-10 22:57:41'),
(66, 65, 'https://res.cloudinary.com/dfbcj6o7j/image/upload/v1754841591/face_photos/agatcne8fyz8phkqbs4a.jpg', 'face_photos/agatcne8fyz8phkqbs4a', '2025-08-10 22:59:51'),
(67, 66, 'https://res.cloudinary.com/dfbcj6o7j/image/upload/v1754841740/face_photos/a2nj53ce0vsfmkcj01iz.jpg', 'face_photos/a2nj53ce0vsfmkcj01iz', '2025-08-10 23:02:21'),
(68, 67, 'https://res.cloudinary.com/dfbcj6o7j/image/upload/v1754841855/face_photos/xgj4hy82vytwyyz7ama8.jpg', 'face_photos/xgj4hy82vytwyyz7ama8', '2025-08-10 23:04:18'),
(69, 68, 'https://res.cloudinary.com/dfbcj6o7j/image/upload/v1754842006/face_photos/yjud0r6ythk5pvtmcodq.jpg', 'face_photos/yjud0r6ythk5pvtmcodq', '2025-08-10 23:06:47'),
(70, 69, 'https://res.cloudinary.com/dfbcj6o7j/image/upload/v1754842592/face_photos/spkoeclk11vbwmhcx01h.jpg', 'face_photos/spkoeclk11vbwmhcx01h', '2025-08-10 23:16:33'),
(71, 70, 'https://res.cloudinary.com/dfbcj6o7j/image/upload/v1754842757/face_photos/edcrklgxlkc55dzokkf7.jpg', 'face_photos/edcrklgxlkc55dzokkf7', '2025-08-10 23:19:18'),
(72, 71, 'https://res.cloudinary.com/dfbcj6o7j/image/upload/v1754842872/face_photos/tzulth9fzvb4vrgnexkt.jpg', 'face_photos/tzulth9fzvb4vrgnexkt', '2025-08-10 23:21:13'),
(73, 72, 'https://res.cloudinary.com/dfbcj6o7j/image/upload/v1754843778/face_photos/cpztxxvglgrgfykr1gjx.jpg', 'face_photos/cpztxxvglgrgfykr1gjx', '2025-08-10 23:36:20'),
(74, 73, 'https://res.cloudinary.com/dfbcj6o7j/image/upload/v1754843894/face_photos/ofpodx0y5ssgb7pgqr4c.jpg', 'face_photos/ofpodx0y5ssgb7pgqr4c', '2025-08-10 23:38:15'),
(75, 74, 'https://res.cloudinary.com/dfbcj6o7j/image/upload/v1754844034/face_photos/zimtmbya52hky7b0l73e.jpg', 'face_photos/zimtmbya52hky7b0l73e', '2025-08-10 23:40:35'),
(76, 75, 'https://res.cloudinary.com/dfbcj6o7j/image/upload/v1754844445/face_photos/i65ppdvcho3zvgyp6lcj.jpg', 'face_photos/i65ppdvcho3zvgyp6lcj', '2025-08-10 23:47:26'),
(77, 76, 'https://res.cloudinary.com/dfbcj6o7j/image/upload/v1754844571/face_photos/iummap3sldb5xxfdvi1l.jpg', 'face_photos/iummap3sldb5xxfdvi1l', '2025-08-10 23:49:32');

-- --------------------------------------------------------

--
-- Table structure for table `positions`
--

CREATE TABLE `positions` (
  `id_positions` int(11) NOT NULL,
  `id_programs` int(11) NOT NULL,
  `position_name` varchar(100) NOT NULL
) ;

--
-- Dumping data for table `positions`
--

INSERT INTO `positions` (`id_positions`, `id_programs`, `position_name`) VALUES
(1, 1, 'Head of Digital Creative'),
(2, 1, 'Lead of Digital Enterprise'),
(3, 1, 'Lead of Social Media and Public Relation'),
(4, 1, 'Lead of Operational'),
(5, 2, 'Head of Program Development'),
(6, 2, 'Head of Program Development and Relation'),
(7, 2, 'Program Director'),
(8, 2, 'Lead of Operational'),
(9, 3, 'Head of Web & Mobile'),
(10, 3, 'Lead of Technical Mobile'),
(11, 3, 'Mentor Technical Mobile'),
(12, 3, 'Lead Technical Web'),
(13, 3, 'Mentor Technical Web'),
(14, 3, 'Mentor UI/UX'),
(15, 3, 'Lead of UI/UX Design'),
(16, 3, 'Lead Technical Mobile'),
(17, 3, 'Mobile Developer Intern'),
(18, 3, 'Software Engineer'),
(19, 3, 'Web Developer'),
(20, 3, 'Data Scientist'),
(21, 3, 'Machine Learning Engineer'),
(22, 3, 'DevOps Engineer'),
(23, 3, 'Cybersecurity Analyst'),
(24, 3, 'System Administrator'),
(25, 3, 'QA Engineer'),
(26, 3, 'UI/UX Designer'),
(27, 3, 'Product Manager\r\n\r\n'),
(28, 3, 'Project Manager\r\n\r\n'),
(29, 3, 'Technical Support Specialist'),
(30, 3, 'Full Stack Developer'),
(31, 3, 'Front-End Developer'),
(32, 3, 'Back-End Developer'),
(33, 1, 'Director of Technology'),
(34, 1, 'IT Director'),
(35, 1, 'Engineering Manager'),
(36, 1, 'Operations Manager'),
(39, 2, 'Digital Marketing Manager'),
(40, 2, 'SEO Specialist'),
(41, 2, 'Content Strategist'),
(42, 2, 'Social Media Manager'),
(43, 2, 'Sales Engineer'),
(44, 2, 'Account Manager');

-- --------------------------------------------------------

--
-- Table structure for table `programs`
--

CREATE TABLE `programs` (
  `id_programs` int(11) NOT NULL,
  `program_name` varchar(100) NOT NULL
) ENGINE=InnoDB DEFAULT CHARSET=utf8mb4 COLLATE=utf8mb4_general_ci;

--
-- Dumping data for table `programs`
--

INSERT INTO `programs` (`id_programs`, `program_name`) VALUES
(1, 'Digital Creative'),
(2, 'Program Development & Relation'),
(3, 'Professional Mentor');

-- --------------------------------------------------------

--
-- Table structure for table `roles`
--

CREATE TABLE `roles` (
  `id_roles` int(11) NOT NULL,
  `role_name` varchar(50) NOT NULL
) ENGINE=InnoDB DEFAULT CHARSET=utf8mb4 COLLATE=utf8mb4_general_ci;

--
-- Dumping data for table `roles`
--

INSERT INTO `roles` (`id_roles`, `role_name`) VALUES
(1, 'Management'),
(2, 'Internship'),
(3, 'Employee'),
(4, 'Admin');

-- --------------------------------------------------------

--
-- Table structure for table `sequelizemeta`
--

CREATE TABLE `sequelizemeta` (
  `name` varchar(255) NOT NULL
) ENGINE=InnoDB DEFAULT CHARSET=utf8 COLLATE=utf8_unicode_ci;

--
-- Dumping data for table `sequelizemeta`
--

INSERT INTO `sequelizemeta` (`name`) VALUES
('20240525120000-create-user.cjs');

-- --------------------------------------------------------

--
-- Table structure for table `settings`
--

CREATE TABLE `settings` (
  `setting_key` varchar(100) NOT NULL,
  `setting_value` text NOT NULL,
  `description` text DEFAULT NULL,
  `updated_at` date NOT NULL
) ENGINE=InnoDB DEFAULT CHARSET=utf8mb4 COLLATE=utf8mb4_general_ci;

--
-- Dumping data for table `settings`
--

INSERT INTO `settings` (`setting_key`, `setting_value`, `description`, `updated_at`) VALUES
('checkin.start_time', '08:00:00', 'ontime', '0000-00-00'),
('checkin.late_time', '10:00:00', 'Late', '0000-00-00'),
('checkout.auto_time', '23:50:00', 'Cek out', '2025-06-09'),
('checkout.flexible', 'true', 'check-out valid', '0000-00-00'),
('checkin.end_time', '22:00:00', 'Waktu paling akhir pengguna bisa melakukan check-in', '0000-00-00'),
('wfa.recommendation.search_radius', '10000', 'Radius pencarian (dalam meter) default untuk fitur rekomendasi lokasi WFA.', '0000-00-00'),
('checkout.smart_enabled', 'true', 'Smart Auto Checkout menggunakan Fuzzy AHP untuk prediksi waktu pulang', '2025-07-05'),
('checkout.fallback_time', '17:00:00', 'Waktu fallback jika smart prediction gagal', '2025-06-23');

-- --------------------------------------------------------

--
-- Table structure for table `users`
--

CREATE TABLE `users` (
  `id_users` int(11) NOT NULL,
  `full_name` varchar(255) NOT NULL,
  `email` varchar(100) NOT NULL,
  `password` char(100) NOT NULL,
  `phone` varchar(100) NOT NULL,
  `nip_nim` varchar(45) NOT NULL,
  `id_roles` int(11) DEFAULT NULL,
  `id_programs` int(11) NOT NULL,
  `id_position` int(11) NOT NULL,
  `id_divisions` int(11) DEFAULT NULL,
  `id_photos` int(11) NOT NULL,
  `created_at` datetime NOT NULL,
  `updated_at` datetime DEFAULT NULL,
  `deleted_at` datetime DEFAULT NULL,
  `created_by` int(11) DEFAULT NULL,
  `updated_by` int(11) DEFAULT NULL
) ENGINE=InnoDB DEFAULT CHARSET=utf8mb4 COLLATE=utf8mb4_general_ci;

--
-- Dumping data for table `users`
--

INSERT INTO `users` (`id_users`, `full_name`, `email`, `password`, `phone`, `nip_nim`, `id_roles`, `id_programs`, `id_position`, `id_divisions`, `id_photos`, `created_at`, `updated_at`, `deleted_at`, `created_by`, `updated_by`) VALUES
(2, 'Raihan Saputra', 'user@email.com', '$2b$10$Rwy/GOtG9jsx7FdqCDpFWu83tDpsqhZqXUpbMfJAQsnOPr.eDbYMq', '081234567895', '12345678FF', 2, 2, 3, NULL, 5, '2025-05-26 07:52:49', '2025-08-09 15:51:30', '2025-08-09 15:51:30', NULL, NULL),
(3, 'februyadi', 'user12@email.com', '$2b$12$9vVN/cGriQS5l3Pj3WeVqebvY0iBiJuLAIDJsE5kOLfQbKtHnad9K', '081234567895', '12345678FFg', 2, 2, 3, NULL, 6, '2025-05-26 08:00:09', '2025-05-26 08:00:09', NULL, NULL, NULL),
(4, 'Febriyadi', 'febriyadi@email.com', '$2b$10$kfb803UzxNKn2QsZrrS0C.UZqmGr0Ltjvzxa9ETHn.y44yiF.ETTe', '08539507795', 'F55121082', 2, 2, 3, NULL, 7, '2025-05-26 08:30:37', '2025-08-09 15:51:48', '2025-08-09 15:51:48', NULL, NULL),
(7, 'Febriyadi', 'febriyadi05@email.com', '$2b$10$z71ReWHCiBuN2am7vZfa6eb8qi.d1iOgxGLaJxz5.mSYfxmjGBr4G', '08539507795', 'F55121082c', 2, 2, 3, NULL, 8, '2025-05-27 08:04:50', '2025-08-09 15:53:58', '2025-08-09 15:53:58', NULL, NULL),
(8, 'Febriyadi', 'febriyadi055@email.com', '$2b$10$8yfwNHQy5umCQwR/.JlQBeW6qA7ngd9jXIbnvcErbXnT0jg.M8pvm', '08539507795', 'F55121083', 2, 2, 3, NULL, 9, '2025-05-27 08:12:31', '2025-06-02 16:14:50', '2025-06-02 16:14:50', NULL, NULL),
(9, 'Febriyadi', 'febriyadi056@email.com', '$2b$10$8RKX6pMtuoYZNpK7iEJ51uvLulV9ea/ZojF264Iy2gyeStvxKxVGe', '08539507795', 'F55121082cd', 2, 2, 3, NULL, 10, '2025-05-27 11:36:51', '2025-08-09 15:53:53', '2025-08-09 15:53:53', NULL, NULL),
(10, 'Febriyadi', 'febriyadi05d6@email.com', '$2b$10$/gtczjfTLkJ2FJw3CRNKeeEDvGhNn8udgi8exGvV9Y95q2J5urChK', '08539507795', 'F55121082cdgg', 2, 2, 3, NULL, 11, '2025-05-27 13:01:05', '2025-08-09 15:53:47', '2025-08-09 15:53:47', NULL, NULL),
(11, 'Febriyadi', 'diana123@email.com', '$2b$10$xwIzrjmTz42ubfJHQztCx.oLiFVVGkWj/qmJbFn0WiGqdxvmE2cUW', '08539507795', 'F551210831', 1, 2, 3, NULL, 12, '2025-06-02 05:30:25', '2025-08-09 15:53:39', '2025-08-09 15:53:39', NULL, NULL),
(12, 'Febriyadi', '240@email.com', '$2b$12$9vVN/cGriQS5l3Pj3WeVqebvY0iBiJuLAIDJsE5kOLfQbKtHnad9K', '085395077795', 'F55121082', 4, 3, 17, 1, 13, '2025-06-02 05:36:11', '2025-08-09 15:58:50', NULL, NULL, NULL),
(13, 'John Doe', 'john.doe@example.com', '$2b$10$vfjHV4Wb.pb4keLMDpenxuJCoxFKp1mwn6dZhnMg3w0q5HAV33fC6', '08123456789', '240002', 2, 3, 13, 1, 14, '2025-06-03 00:29:09', '2025-08-09 15:54:04', '2025-08-09 15:54:04', 12, NULL),
(14, 'John Doe', 'john.doe12@example.com', '$2b$10$KMeiGlgrafYsic12OI4y7uxPi5.pgVV66PDBaD8TLX4wK8OyNWajW', '08123456789', '240002ff', 1, 2, 5, 3, 15, '2025-06-03 08:47:18', '2025-08-09 15:54:22', '2025-08-09 15:54:22', 12, NULL),
(15, 'Febriyadi', 'febriyadi11@gmail.com', '$2b$10$.mm603UNSHmzIz840eWLregVGgQsYYYw26/xdH9XpeII0HlSRbEZW', '085395077795', 'f55121092', 3, 1, 13, 3, 16, '2025-06-03 08:55:11', '2025-08-09 15:54:17', '2025-08-09 15:54:17', 12, NULL),
(16, 'Shara bauuu', 'shara@gmail.com', '$2b$10$NKW9XxxxOLxAuGMGTaIq2eCItprNZc95wzFdqY044/CJH3aELiVH.', '05565656565', 'F555555555', 1, 3, 8, 3, 17, '2025-06-03 10:46:04', '2025-08-09 15:54:10', '2025-08-09 15:54:10', 12, NULL),
(17, 'Febriyadi', 'shara123@gmail.com', '$2b$10$hTo4wsC2fObax5ywudaOj.TwG3aHNsC8ygiZOLLH0nSCnDObkRGky', '085395077795', 'F551210822222', 2, 2, 8, 3, 18, '2025-06-18 07:49:58', '2025-08-09 15:28:19', '2025-08-09 15:28:19', 12, NULL),
(18, 'Diana', 'john.doe2@example.com', '$2b$10$fwanrb4gOxwZ4VRNQaJvQOSO3f8VHGPZYhSHag.hLneV3j6FVTNbO', '08123456789', '240002ff11', 3, 3, 16, 4, 19, '2025-06-19 09:55:33', '2025-08-09 15:32:04', '2025-08-09 15:32:04', 12, NULL),
(19, 'Diana', 'john.doe21@example.com', '$2b$10$B5ZMqYueat96docGBpL9cemO5/ZWwbKlLauaYTz0PoCK1XfHJ52NC', '08123456789', '240002ff11111', 3, 1, 2, 4, 20, '2025-06-19 10:54:12', '2025-08-09 15:24:38', '2025-08-09 15:24:38', 12, NULL),
(20, 'Diana', '12233@email.com', '$2b$10$jx349Bx8d4WL81rMtTnxDu5GRRTZI89VczZCvruAiYdajsUMmXYIy', '08539507795', 'F55121083212121', 4, 2, 3, NULL, 21, '2025-06-19 11:10:41', '2025-08-09 15:53:23', '2025-08-09 15:53:23', NULL, NULL),
(21, 'Diana', 'febriyadi@gmail.com', '$2b$10$HFBq6o306rzjXFddU9GH..sApo412wT665nr5k9JALqTClDiMfRYG', '08539507795', 'F55121083211', 4, 3, 14, 2, 22, '2025-06-19 11:23:26', '2025-08-09 15:52:21', '2025-08-09 15:52:21', NULL, NULL),
(22, 'Diana', 'john.doe2122@example.com', '$2b$10$X5afT6.9.X.biSZFWUk1nOD5Xlkl3sAqNhGaOnsLDxAPCpzBbPVUG', '08123456789', '240002ff1111111', 4, 1, 1, 1, 23, '2025-06-19 11:51:15', '2025-08-09 15:52:15', '2025-08-09 15:52:15', 21, NULL),
(23, 'Timothy Ronald', 'timothyronald@gmail.com', '$2b$10$gijbalbmUEK/z.vYfWXMKOClEizxzeqjmVzc0dqWOLxwAjHXMICW6', '085395077795', 'F5512062', 3, 3, 15, 4, 24, '2025-06-19 12:34:51', '2025-08-09 15:08:08', '2025-08-09 15:08:08', 12, NULL),
(24, 'febriyadi', 'eoeo@gmail.com', '$2b$10$cGeCdZVhK1cHwJzNybVHlejODTHVZHFVOlLTMsMIouxr.aNnB8iwW', '01512551515', 'F55555555555', 4, 3, 11, 4, 25, '2025-06-07 11:30:36', '2025-08-09 15:32:16', '2025-08-09 15:32:16', 12, NULL),
(25, 'Febriyadi', 'febriyadi@untad.ac.id', '$2b$10$HVz7MG90p48Ka7YleCpqZuWWku/MiwYIP2O3cMpVj/BMNpiSFp1MW', '0621512551515', '5666566', 4, 1, 2, 4, 26, '2025-07-27 20:02:51', '2025-08-09 15:24:23', '2025-08-09 15:24:23', 12, NULL),
(26, 'Cindy Febriani', 'cindylearning@gmail.com', '$2b$12$9vVN/cGriQS5l3Pj3WeVqebvY0iBiJuLAIDJsE5kOLfQbKtHnad9K', '08689985723', '6745262722', 2, 1, 1, 6, 27, '2025-08-09 17:30:08', '2025-08-09 17:30:08', NULL, 12, NULL),
(27, 'Arifian Saputra', 'arifian@gmail.com', '$2b$12$9vVN/cGriQS5l3Pj3WeVqebvY0iBiJuLAIDJsE5kOLfQbKtHnad9K', '8493877280', '9A734Y', 3, 3, 13, 4, 28, '2025-08-09 17:34:58', '2025-08-09 17:34:58', NULL, 12, NULL),
(28, 'Mery Simanjuntak', 'mery@gmail.com', '$2b$12$9vVN/cGriQS5l3Pj3WeVqebvY0iBiJuLAIDJsE5kOLfQbKtHnad9K', '08555219253', '9LLWRL', 1, 1, 4, 14, 29, '2025-08-09 17:39:36', '2025-08-09 17:39:36', NULL, 12, NULL),
(29, 'Muhammad Firdaus', 'muhammadindonesia@gmail.com', '$2b$12$9vVN/cGriQS5l3Pj3WeVqebvY0iBiJuLAIDJsE5kOLfQbKtHnad9K', '08885444314', '222484503', 2, 3, 17, 1, 30, '2025-08-09 17:43:33', '2025-08-09 17:43:33', NULL, 12, NULL),
(30, 'Dewi Suhartini', 'dewiindonesia@gmail.com', '$2b$12$9vVN/cGriQS5l3Pj3WeVqebvY0iBiJuLAIDJsE5kOLfQbKtHnad9K', '08190444013', '91R2N3', 2, 3, 21, 4, 31, '2025-08-10 18:29:04', '2025-08-10 18:29:04', NULL, 12, NULL),
(31, 'Acquisition', 'studentindonesia@gmail.com', '$2b$12$9vVN/cGriQS5l3Pj3WeVqebvY0iBiJuLAIDJsE5kOLfQbKtHnad9K', '08237045633', '11111903314', 2, 3, 24, 16, 32, '2025-08-10 18:32:53', '2025-08-10 18:32:53', NULL, 12, NULL),
(32, 'Ahmad H', 'ahmad@gmail.com', '$2b$12$9vVN/cGriQS5l3Pj3WeVqebvY0iBiJuLAIDJsE5kOLfQbKtHnad9K', '08722355584', '11111130282', 2, 3, 28, 8, 33, '2025-08-10 18:35:07', '2025-08-10 18:35:07', NULL, 12, NULL),
(33, 'Channy Lim', 'channy@gmail.com', '$2b$12$9vVN/cGriQS5l3Pj3WeVqebvY0iBiJuLAIDJsE5kOLfQbKtHnad9K', '08646227157', '11111946432', 3, 3, 13, 5, 34, '2025-08-10 18:37:37', '2025-08-10 18:37:37', NULL, 12, NULL),
(34, 'Mohammad Omar', 'mohammadomar@gmail.com', '$2b$12$9vVN/cGriQS5l3Pj3WeVqebvY0iBiJuLAIDJsE5kOLfQbKtHnad9K', '08891817419', '9BGZHY', 3, 3, 26, 8, 35, '2025-08-10 18:41:32', '2025-08-10 18:41:32', NULL, 12, NULL),
(35, 'MUHAMAD SAFII', 'muhamadsaffi@gmail.com', '$2b$12$9vVN/cGriQS5l3Pj3WeVqebvY0iBiJuLAIDJsE5kOLfQbKtHnad9K', '08451419960', '9HZYNA', 2, 3, 27, 9, 36, '2025-08-10 18:46:25', '2025-08-10 18:46:25', NULL, 12, NULL),
(36, 'Ela Krisnawati', 'elabatam@gmail.com', '$2b$12$9vVN/cGriQS5l3Pj3WeVqebvY0iBiJuLAIDJsE5kOLfQbKtHnad9K', '08791076709', '9KZQBF', 2, 3, 18, 7, 37, '2025-08-10 18:49:57', '2025-08-10 18:49:57', NULL, 12, NULL),
(37, 'Jessica Vanessa', 'jessicarelations@gmail.com', '$2b$12$9vVN/cGriQS5l3Pj3WeVqebvY0iBiJuLAIDJsE5kOLfQbKtHnad9K', '08209608298', '9TTGHE', 4, 1, 3, 5, 38, '2025-08-10 18:53:14', '2025-08-10 18:53:14', NULL, 12, NULL),
(38, 'Saripudin', 'saripudinindonesia@gmail.com', '$2b$12$9vVN/cGriQS5l3Pj3WeVqebvY0iBiJuLAIDJsE5kOLfQbKtHnad9K', '08903118942', '9SPS8O', 3, 3, 13, 16, 39, '2025-08-10 18:55:48', '2025-08-10 18:55:48', NULL, 12, NULL),
(39, 'Shania Sabrina', 'shanialearning@gmail.com', '$2b$12$9vVN/cGriQS5l3Pj3WeVqebvY0iBiJuLAIDJsE5kOLfQbKtHnad9K', '08631802564', '222320868', 4, 3, 27, 1, 40, '2025-08-10 18:58:47', '2025-08-10 18:58:47', NULL, 12, NULL),
(40, 'Marco Bardelli', 'marcohiring@gmail.com', '$2b$12$9vVN/cGriQS5l3Pj3WeVqebvY0iBiJuLAIDJsE5kOLfQbKtHnad9K', '08444088096', '11111560616', 3, 1, 33, 12, 41, '2025-08-10 19:01:04', '2025-08-10 19:01:04', NULL, 12, NULL),
(41, 'Reza Kurniawan', 'rezaindonesia@gmail.com', '$2b$12$9vVN/cGriQS5l3Pj3WeVqebvY0iBiJuLAIDJsE5kOLfQbKtHnad9K', '08359632536', '11111940694', 1, 1, 1, 1, 42, '2025-08-10 19:04:07', '2025-08-10 19:04:07', NULL, 12, NULL),
(42, 'kelvin kvc', 'kelvindeveloper@gmail.com', '$2b$12$9vVN/cGriQS5l3Pj3WeVqebvY0iBiJuLAIDJsE5kOLfQbKtHnad9K', '08654287623', '11111506889', 3, 2, 5, 2, 43, '2025-08-10 19:07:21', '2025-08-10 19:07:21', NULL, 12, NULL),
(43, 'Ari Nugrahanto', 'ari@gmail.com', '$2b$12$9vVN/cGriQS5l3Pj3WeVqebvY0iBiJuLAIDJsE5kOLfQbKtHnad9K', '08110724588', '11111218098', 3, 3, 28, 1, 44, '2025-08-10 19:10:17', '2025-08-10 19:10:17', NULL, 12, NULL),
(44, 'Syarifah Raihani', 'syarifahdevelopment@gmail.com', '$2b$12$9vVN/cGriQS5l3Pj3WeVqebvY0iBiJuLAIDJsE5kOLfQbKtHnad9K', '08679125835', '222158357', 2, 3, 19, 7, 45, '2025-08-10 19:25:02', '2025-08-10 19:25:02', NULL, 12, NULL),
(45, 'Muhammad Rizki Ramdani', 'muhammadrizkiramdani@gmail.com', '$2b$12$9vVN/cGriQS5l3Pj3WeVqebvY0iBiJuLAIDJsE5kOLfQbKtHnad9K', '08989661259', '9BYYD3', 2, 3, 27, 12, 46, '2025-08-10 21:55:18', '2025-08-10 21:55:18', NULL, 12, NULL),
(46, 'Muhammad Ilham', 'muhammadlham@gmail.com', '$2b$12$9vVN/cGriQS5l3Pj3WeVqebvY0iBiJuLAIDJsE5kOLfQbKtHnad9K', '08273317447', '11111634414', 2, 3, 19, 1, 47, '2025-08-10 21:58:56', '2025-08-10 21:58:56', NULL, 12, NULL),
(47, 'Chairuman Fadhilah', 'chairuman@gmail.com', '$2b$12$9vVN/cGriQS5l3Pj3WeVqebvY0iBiJuLAIDJsE5kOLfQbKtHnad9K', '08981970863', '11111338548', 3, 3, 17, 13, 48, '2025-08-10 22:01:17', '2025-08-10 22:01:17', NULL, 12, NULL),
(48, 'Dian Dinihari Yuliani', 'ianinihariuliani@gmail.com', '$2b$12$9vVN/cGriQS5l3Pj3WeVqebvY0iBiJuLAIDJsE5kOLfQbKtHnad9K', '08897451075', '9J24TZ', 4, 3, 27, 12, 49, '2025-08-10 22:03:43', '2025-08-10 22:03:43', NULL, 12, NULL),
(49, 'Jesica Aulia Pardede', 'jesicastrategist@gmail.com', '$2b$12$9vVN/cGriQS5l3Pj3WeVqebvY0iBiJuLAIDJsE5kOLfQbKtHnad9K', '08799889966', '222204668', 1, 3, 26, 14, 50, '2025-08-10 22:07:46', '2025-08-10 22:07:46', NULL, 12, NULL),
(50, 'Regia Lidwina Ginandra', 'regia@gmail.com', '$2b$12$9vVN/cGriQS5l3Pj3WeVqebvY0iBiJuLAIDJsE5kOLfQbKtHnad9K', '08355829720', '9WMRAS', 4, 3, 17, 15, 51, '2025-08-10 22:10:40', '2025-08-10 22:10:40', NULL, 12, NULL),
(51, 'Armando Mendoza Putra', 'armandodeveloper@gmail.com', '$2b$12$9vVN/cGriQS5l3Pj3WeVqebvY0iBiJuLAIDJsE5kOLfQbKtHnad9K', '08605840365', '11111702624', 4, 3, 10, 8, 52, '2025-08-10 22:12:30', '2025-08-10 22:12:30', NULL, 12, NULL),
(52, 'Yuli Sugiarti', 'yulianalyst@gmail.com', '$2b$12$9vVN/cGriQS5l3Pj3WeVqebvY0iBiJuLAIDJsE5kOLfQbKtHnad9K', '8887553984', '11111466642', 4, 3, 14, 12, 53, '2025-08-10 22:14:27', '2025-08-10 22:14:27', NULL, 12, NULL),
(53, 'Abdi Mulia Pranidana', 'abdiindonesia@gmail.com', '$2b$12$9vVN/cGriQS5l3Pj3WeVqebvY0iBiJuLAIDJsE5kOLfQbKtHnad9K', '08950499828', '11111751063', 4, 3, 16, 3, 54, '2025-08-10 22:17:40', '2025-08-10 22:17:40', NULL, 12, NULL),
(54, 'Jason Patrick', 'jasonlearning@gmail.com', '$2b$12$9vVN/cGriQS5l3Pj3WeVqebvY0iBiJuLAIDJsE5kOLfQbKtHnad9K', '08725997805', '222778757', 2, 1, 35, 7, 55, '2025-08-10 22:21:08', '2025-08-10 22:21:08', NULL, 12, NULL),
(55, 'Nico Nirwana', 'nicoindonesia@gmail.com', '$2b$12$9vVN/cGriQS5l3Pj3WeVqebvY0iBiJuLAIDJsE5kOLfQbKtHnad9K', '8482516723', '222161761', 2, 2, 7, 12, 56, '2025-08-10 22:23:30', '2025-08-10 22:23:30', NULL, 12, NULL),
(56, 'Billy Pratama', 'billy@gmail.com', '$2b$12$9vVN/cGriQS5l3Pj3WeVqebvY0iBiJuLAIDJsE5kOLfQbKtHnad9K', '08391132669', '11111678090', 2, 3, 18, 8, 57, '2025-08-10 22:25:47', '2025-08-10 22:25:47', NULL, 12, NULL),
(57, 'Thurzi Retra Hamdani', 'thurzideveloper@gmail.com', '$2b$12$9vVN/cGriQS5l3Pj3WeVqebvY0iBiJuLAIDJsE5kOLfQbKtHnad9K', '08623250702', '11111965275', 1, 3, 13, 8, 58, '2025-08-10 22:28:37', '2025-08-10 22:28:37', NULL, 12, NULL),
(58, 'Laila Hasbi', 'lailaindonesia@gmail.com', '$2b$12$9vVN/cGriQS5l3Pj3WeVqebvY0iBiJuLAIDJsE5kOLfQbKtHnad9K', '08263094401', '222489356', 3, 1, 34, 8, 59, '2025-08-10 22:30:53', '2025-08-10 22:30:53', NULL, 12, NULL),
(59, 'Inda Umami', 'indaindonesia@gmail.com', '$2b$12$9vVN/cGriQS5l3Pj3WeVqebvY0iBiJuLAIDJsE5kOLfQbKtHnad9K', '08640173851', '92N71I', 1, 3, 17, 14, 60, '2025-08-10 22:32:53', '2025-08-10 22:32:53', NULL, 12, NULL),
(60, 'Renaldi Hardiansah', 'renaldiindonesia@gmail.com', '$2b$12$9vVN/cGriQS5l3Pj3WeVqebvY0iBiJuLAIDJsE5kOLfQbKtHnad9K', '08734434819', '222346715', 1, 3, 27, 3, 61, '2025-08-10 22:35:27', '2025-08-10 22:35:27', NULL, 12, NULL),
(61, 'Permana Aji Syahputra', 'permanadeveloper@gmail.com', '$2b$12$9vVN/cGriQS5l3Pj3WeVqebvY0iBiJuLAIDJsE5kOLfQbKtHnad9K', '08652438490', '11111156602', 4, 2, 43, 9, 62, '2025-08-10 22:38:43', '2025-08-10 22:38:43', NULL, 12, NULL),
(62, 'Erni', 'erni@gmail.com', '$2b$12$9vVN/cGriQS5l3Pj3WeVqebvY0iBiJuLAIDJsE5kOLfQbKtHnad9K', '08930984095', '960JC5', 2, 3, 19, 2, 63, '2025-08-10 22:53:14', '2025-08-10 22:53:14', NULL, 12, NULL),
(63, 'Novi Kristianti', 'novi@gmail.com', '$2b$12$9vVN/cGriQS5l3Pj3WeVqebvY0iBiJuLAIDJsE5kOLfQbKtHnad9K', '08999058839', '11111627536', 3, 3, 14, 15, 64, '2025-08-10 22:55:49', '2025-08-10 22:55:49', NULL, 12, NULL),
(64, 'Suryono Suryono', 'suryonoindonesia@gmail.com', '$2b$12$9vVN/cGriQS5l3Pj3WeVqebvY0iBiJuLAIDJsE5kOLfQbKtHnad9K', '08260090012', '222396516', 1, 2, 7, 11, 65, '2025-08-10 22:57:41', '2025-08-10 22:57:41', NULL, 12, NULL),
(65, 'Raja Ashari Yazid', 'rajalearning@gmail.com', '$2b$12$9vVN/cGriQS5l3Pj3WeVqebvY0iBiJuLAIDJsE5kOLfQbKtHnad9K', '08316960121', '222874307', 3, 3, 17, 11, 66, '2025-08-10 22:59:51', '2025-08-10 22:59:51', NULL, 12, NULL),
(66, 'Riska Indarwati', 'riskaenthusiast@gmail.com', '$2b$12$9vVN/cGriQS5l3Pj3WeVqebvY0iBiJuLAIDJsE5kOLfQbKtHnad9K', '08215637968', '222484044', 1, 3, 27, 8, 67, '2025-08-10 23:02:21', '2025-08-10 23:02:21', NULL, 12, NULL),
(67, 'Hasna Azizah', 'hasna@gmail.com', '$2b$12$9vVN/cGriQS5l3Pj3WeVqebvY0iBiJuLAIDJsE5kOLfQbKtHnad9K', '08353809359', '9Q4STG', 3, 2, 43, 12, 68, '2025-08-10 23:04:18', '2025-08-10 23:04:18', NULL, 12, NULL),
(68, 'Very Andreas Pandiangan', 'verystudent@gmail.com', '$2b$12$9vVN/cGriQS5l3Pj3WeVqebvY0iBiJuLAIDJsE5kOLfQbKtHnad9K', '8569557938', '11111545001', 4, 3, 12, 8, 69, '2025-08-10 23:06:47', '2025-08-10 23:06:47', NULL, 12, NULL),
(69, 'Adelia', 'adeliaindonesia@gmail.com', '$2b$12$9vVN/cGriQS5l3Pj3WeVqebvY0iBiJuLAIDJsE5kOLfQbKtHnad9K', '08687635417', '222534578', 2, 2, 40, 6, 70, '2025-08-10 23:16:33', '2025-08-10 23:16:33', NULL, 12, NULL),
(70, 'Fidia', 'fidiabatam@gmail.com', '$2b$12$9vVN/cGriQS5l3Pj3WeVqebvY0iBiJuLAIDJsE5kOLfQbKtHnad9K', '08588811427', '11111441308', 3, 3, 14, 1, 71, '2025-08-10 23:19:18', '2025-08-10 23:19:18', NULL, 12, NULL),
(71, 'Risasti Dwi Ardini', 'risastidesign@gmail.com', '$2b$12$9vVN/cGriQS5l3Pj3WeVqebvY0iBiJuLAIDJsE5kOLfQbKtHnad9K', '8250824993', '222839879', 2, 3, 14, 6, 72, '2025-08-10 23:21:13', '2025-08-10 23:21:13', NULL, 12, NULL),
(72, 'Mulyono Sutanto', 'mulyonodesign@gmail.com', '$2b$12$9vVN/cGriQS5l3Pj3WeVqebvY0iBiJuLAIDJsE5kOLfQbKtHnad9K', '8802004170', '222681328', 2, 3, 28, 3, 73, '2025-08-10 23:36:20', '2025-08-10 23:36:20', NULL, 12, NULL),
(73, 'Syamsul Buchori', 'syamsulprogram@gmail.com', '$2b$12$9vVN/cGriQS5l3Pj3WeVqebvY0iBiJuLAIDJsE5kOLfQbKtHnad9K', '08822054553', '222806655', 1, 1, 1, 7, 74, '2025-08-10 23:38:15', '2025-08-10 23:38:15', NULL, 12, NULL),
(74, 'Anantasa Alvinda', 'anantasa@gmail.com', '$2b$12$9vVN/cGriQS5l3Pj3WeVqebvY0iBiJuLAIDJsE5kOLfQbKtHnad9K', '08343438793', '222843151', 2, 3, 21, 15, 75, '2025-08-10 23:40:35', '2025-08-10 23:40:35', NULL, 12, NULL),
(75, 'Intan Putri', 'intanlearning@gmail.com', '$2b$12$9vVN/cGriQS5l3Pj3WeVqebvY0iBiJuLAIDJsE5kOLfQbKtHnad9K', '8609536181', '11111743098', 3, 2, 43, 14, 76, '2025-08-10 23:47:26', '2025-08-10 23:47:26', NULL, 12, NULL),
(76, 'Terovini Saleky', 'terovinilearning@gmail.com', '$2b$12$9vVN/cGriQS5l3Pj3WeVqebvY0iBiJuLAIDJsE5kOLfQbKtHnad9K', '08268246836', '222502064', 3, 1, 1, 12, 77, '2025-08-10 23:49:32', '2025-08-10 23:49:32', NULL, 12, NULL);

--
-- Indexes for dumped tables
--

--
-- Indexes for table `attendance`
--
ALTER TABLE `attendance`
  ADD PRIMARY KEY (`id_attendance`),
  ADD KEY `fk_attendance_user_id` (`user_id`),
  ADD KEY `fk_attendance_category_id` (`category_id`),
  ADD KEY `fk_attendance_location_id` (`location_id`),
  ADD KEY `fk_attendance_booking_id` (`booking_id`),
  ADD KEY `fk_attendance_status_id` (`status_id`);

--
-- Indexes for table `attendance_categories`
--
ALTER TABLE `attendance_categories`
  ADD PRIMARY KEY (`id_attendance_categories`);

--
-- Indexes for table `attendance_statuses`
--
ALTER TABLE `attendance_statuses`
  ADD PRIMARY KEY (`id_attendance_status`);

--
-- Indexes for table `bookings`
--
ALTER TABLE `bookings`
  ADD PRIMARY KEY (`booking_id`),
  ADD KEY `fk_bookings_user_id` (`user_id`),
  ADD KEY `fk_bookings_location_id` (`location_id`),
  ADD KEY `fk_bookings_status_booking` (`status`),
  ADD KEY `approved_by` (`approved_by`);

--
-- Indexes for table `booking_status`
--
ALTER TABLE `booking_status`
  ADD PRIMARY KEY (`id_booking_status`);

--
-- Indexes for table `discipline_scores`
--
ALTER TABLE `discipline_scores`
  ADD PRIMARY KEY (`id`),
  ADD UNIQUE KEY `user_period_unique` (`user_id`,`period_month`,`period_year`);

--
-- Indexes for table `divisions`
--
ALTER TABLE `divisions`
  ADD PRIMARY KEY (`id_divisions`);

--
-- Indexes for table `locations`
--
ALTER TABLE `locations`
  ADD PRIMARY KEY (`location_id`),
  ADD KEY `fk_location_id_attendance_categories` (`id_attendance_categories`),
  ADD KEY `fk_location_id_users` (`user_id`);

--
-- Indexes for table `location_events`
--
ALTER TABLE `location_events`
  ADD PRIMARY KEY (`id`),
  ADD KEY `user_id` (`user_id`),
  ADD KEY `location_id` (`location_id`);

--
-- Indexes for table `photos`
--
ALTER TABLE `photos`
  ADD PRIMARY KEY (`id_photos`),
  ADD KEY `fk_photo_id_photo` (`user_id`);

--
-- Indexes for table `positions`
--
ALTER TABLE `positions`
  ADD PRIMARY KEY (`id_positions`),
  ADD KEY `  fk_positions` (`id_programs`) USING BTREE;

--
-- Indexes for table `programs`
--
ALTER TABLE `programs`
  ADD PRIMARY KEY (`id_programs`);

--
-- Indexes for table `roles`
--
ALTER TABLE `roles`
  ADD PRIMARY KEY (`id_roles`);

--
-- Indexes for table `sequelizemeta`
--
ALTER TABLE `sequelizemeta`
  ADD PRIMARY KEY (`name`),
  ADD UNIQUE KEY `name` (`name`);

--
-- Indexes for table `users`
--
ALTER TABLE `users`
  ADD PRIMARY KEY (`id_users`),
  ADD UNIQUE KEY `email_UNIQUE` (`email`),
  ADD KEY `fk_users_programs` (`id_programs`),
  ADD KEY `fk_users_positions` (`id_position`),
  ADD KEY `fk_users_photos` (`id_photos`),
  ADD KEY `fk_users_updated_by` (`updated_by`),
  ADD KEY `fk_users_created_by` (`created_by`),
  ADD KEY `fk_users_divisions` (`id_divisions`),
  ADD KEY `fk_users_id_roles` (`id_roles`);

--
-- AUTO_INCREMENT for dumped tables
--

--
-- AUTO_INCREMENT for table `attendance`
--
ALTER TABLE `attendance`
  MODIFY `id_attendance` int(11) NOT NULL AUTO_INCREMENT, AUTO_INCREMENT=1705;

--
-- AUTO_INCREMENT for table `attendance_categories`
--
ALTER TABLE `attendance_categories`
  MODIFY `id_attendance_categories` int(11) NOT NULL AUTO_INCREMENT, AUTO_INCREMENT=5;

--
-- AUTO_INCREMENT for table `attendance_statuses`
--
ALTER TABLE `attendance_statuses`
  MODIFY `id_attendance_status` int(11) NOT NULL AUTO_INCREMENT, AUTO_INCREMENT=6;

--
-- AUTO_INCREMENT for table `bookings`
--
ALTER TABLE `bookings`
  MODIFY `booking_id` int(11) NOT NULL AUTO_INCREMENT, AUTO_INCREMENT=35;

--
-- AUTO_INCREMENT for table `booking_status`
--
ALTER TABLE `booking_status`
  MODIFY `id_booking_status` int(11) NOT NULL AUTO_INCREMENT, AUTO_INCREMENT=4;

--
-- AUTO_INCREMENT for table `discipline_scores`
--
ALTER TABLE `discipline_scores`
  MODIFY `id` int(11) NOT NULL AUTO_INCREMENT;

--
-- AUTO_INCREMENT for table `divisions`
--
ALTER TABLE `divisions`
  MODIFY `id_divisions` int(11) NOT NULL AUTO_INCREMENT, AUTO_INCREMENT=17;

--
-- AUTO_INCREMENT for table `locations`
--
ALTER TABLE `locations`
  MODIFY `location_id` int(11) NOT NULL AUTO_INCREMENT, AUTO_INCREMENT=110;

--
-- AUTO_INCREMENT for table `location_events`
--
ALTER TABLE `location_events`
  MODIFY `id` int(11) NOT NULL AUTO_INCREMENT, AUTO_INCREMENT=22;

--
-- AUTO_INCREMENT for table `photos`
--
ALTER TABLE `photos`
  MODIFY `id_photos` int(11) NOT NULL AUTO_INCREMENT, AUTO_INCREMENT=78;

--
-- AUTO_INCREMENT for table `positions`
--
ALTER TABLE `positions`
  MODIFY `id_positions` int(11) NOT NULL AUTO_INCREMENT;

--
-- AUTO_INCREMENT for table `programs`
--
ALTER TABLE `programs`
  MODIFY `id_programs` int(11) NOT NULL AUTO_INCREMENT, AUTO_INCREMENT=6;

--
-- AUTO_INCREMENT for table `roles`
--
ALTER TABLE `roles`
  MODIFY `id_roles` int(11) NOT NULL AUTO_INCREMENT, AUTO_INCREMENT=8;

--
-- AUTO_INCREMENT for table `users`
--
ALTER TABLE `users`
  MODIFY `id_users` int(11) NOT NULL AUTO_INCREMENT, AUTO_INCREMENT=77;

--
-- Constraints for dumped tables
--

--
-- Constraints for table `attendance`
--
ALTER TABLE `attendance`
  ADD CONSTRAINT `fk_attendance_booking_id` FOREIGN KEY (`booking_id`) REFERENCES `bookings` (`booking_id`),
  ADD CONSTRAINT `fk_attendance_category_id` FOREIGN KEY (`category_id`) REFERENCES `attendance_categories` (`id_attendance_categories`),
  ADD CONSTRAINT `fk_attendance_location_id` FOREIGN KEY (`location_id`) REFERENCES `locations` (`location_id`),
  ADD CONSTRAINT `fk_attendance_status_id` FOREIGN KEY (`status_id`) REFERENCES `attendance_statuses` (`id_attendance_status`),
  ADD CONSTRAINT `fk_attendance_user_id` FOREIGN KEY (`user_id`) REFERENCES `users` (`id_users`);

--
-- Constraints for table `bookings`
--
ALTER TABLE `bookings`
  ADD CONSTRAINT `bookings_ibfk_1` FOREIGN KEY (`approved_by`) REFERENCES `users` (`id_users`) ON DELETE SET NULL,
  ADD CONSTRAINT `fk_bookings_location_id` FOREIGN KEY (`location_id`) REFERENCES `locations` (`location_id`),
  ADD CONSTRAINT `fk_bookings_status_booking` FOREIGN KEY (`status`) REFERENCES `booking_status` (`id_booking_status`),
  ADD CONSTRAINT `fk_bookings_user_id` FOREIGN KEY (`user_id`) REFERENCES `users` (`id_users`);

--
-- Constraints for table `discipline_scores`
--
ALTER TABLE `discipline_scores`
  ADD CONSTRAINT `discipline_scores_ibfk_1` FOREIGN KEY (`user_id`) REFERENCES `users` (`id_users`) ON DELETE CASCADE;

--
-- Constraints for table `locations`
--
ALTER TABLE `locations`
  ADD CONSTRAINT `fk_location_id_attendance_categories` FOREIGN KEY (`id_attendance_categories`) REFERENCES `attendance_categories` (`id_attendance_categories`),
  ADD CONSTRAINT `fk_location_id_users` FOREIGN KEY (`user_id`) REFERENCES `users` (`id_users`);

--
-- Constraints for table `location_events`
--
ALTER TABLE `location_events`
  ADD CONSTRAINT `location_events_ibfk_1` FOREIGN KEY (`user_id`) REFERENCES `users` (`id_users`) ON DELETE CASCADE,
  ADD CONSTRAINT `location_events_ibfk_2` FOREIGN KEY (`location_id`) REFERENCES `locations` (`location_id`) ON DELETE CASCADE;

--
-- Constraints for table `photos`
--
ALTER TABLE `photos`
  ADD CONSTRAINT `fk_photo_id_photo` FOREIGN KEY (`user_id`) REFERENCES `users` (`id_users`);

--
-- Constraints for table `users`
--
ALTER TABLE `users`
  ADD CONSTRAINT `fk_users_created_by` FOREIGN KEY (`created_by`) REFERENCES `users` (`id_users`) ON DELETE SET NULL,
  ADD CONSTRAINT `fk_users_divisions` FOREIGN KEY (`id_divisions`) REFERENCES `divisions` (`id_divisions`) ON DELETE SET NULL,
  ADD CONSTRAINT `fk_users_id_roles` FOREIGN KEY (`id_roles`) REFERENCES `roles` (`id_roles`) ON DELETE SET NULL,
  ADD CONSTRAINT `fk_users_photos` FOREIGN KEY (`id_photos`) REFERENCES `photos` (`id_photos`),
  ADD CONSTRAINT `fk_users_positions` FOREIGN KEY (`id_position`) REFERENCES `positions` (`id_positions`),
  ADD CONSTRAINT `fk_users_programs` FOREIGN KEY (`id_programs`) REFERENCES `programs` (`id_programs`),
  ADD CONSTRAINT `fk_users_updated_by` FOREIGN KEY (`updated_by`) REFERENCES `users` (`id_users`);
COMMIT;

/*!40101 SET CHARACTER_SET_CLIENT=@OLD_CHARACTER_SET_CLIENT */;
/*!40101 SET CHARACTER_SET_RESULTS=@OLD_CHARACTER_SET_RESULTS */;
/*!40101 SET COLLATION_CONNECTION=@OLD_COLLATION_CONNECTION */;
